seq,trial_id,deploy,check
1,C01_D_RESTRICT_APPROVED_r1,D_RESTRICT,APPROVED
2,C02_D_RESTRICT_MUX_DIRECT_r1,D_RESTRICT,MUX_DIRECT
3,C03_D_RESTRICT_APP_DIRECT_r1,D_RESTRICT,APP_DIRECT
4,C04_D_OPEN_APPROVED_r1,D_OPEN,APPROVED
5,C05_D_OPEN_MUX_DIRECT_r1,D_OPEN,MUX_DIRECT
6,C06_D_OPEN_APP_DIRECT_r1,D_OPEN,APP_DIRECT
7,C07_D_OPEN_APP_DIRECT_r2,D_OPEN,APP_DIRECT
8,C08_D_OPEN_APPROVED_r2,D_OPEN,APPROVED
9,C09_D_RESTRICT_MUX_DIRECT_r2,D_RESTRICT,MUX_DIRECT
10,C10_D_RESTRICT_APP_DIRECT_r2,D_RESTRICT,APP_DIRECT
11,C11_D_OPEN_MUX_DIRECT_r2,D_OPEN,MUX_DIRECT
12,C12_D_RESTRICT_APPROVED_r2,D_RESTRICT,APPROVED
13,C13_D_RESTRICT_MUX_DIRECT_r3,D_RESTRICT,MUX_DIRECT
14,C14_D_OPEN_APP_DIRECT_r3,D_OPEN,APP_DIRECT
15,C15_D_RESTRICT_APP_DIRECT_r3,D_RESTRICT,APP_DIRECT
16,C16_D_OPEN_APPROVED_r3,D_OPEN,APPROVED
17,C17_D_OPEN_MUX_DIRECT_r3,D_OPEN,MUX_DIRECT
18,C18_D_RESTRICT_APPROVED_r3,D_RESTRICT,APPROVED
