seq,trial_id,arm,cond,variant
1,S01_HOLD_I3_r1,HOLD,I3,instr
2,S02_DECEL_TOPIC_I3_r1,DECEL_TOPIC,I3,instr
3,S03_B0_CLOCK_I3_r1,B0_CLOCK,I3,instr
4,S04_HOLD_QFh_r1,HOLD,QFh,instr
5,S05_DECEL_TOPIC_QFh_r1,DECEL_TOPIC,QFh,instr
6,S06_B0_CLOCK_QFh_r1,B0_CLOCK,QFh,instr
7,S07_B0_CLOCK_I3h_r1,B0_CLOCK,I3h,instr
8,S08_HOLD_I3h_r1,HOLD,I3h,instr
9,S09_DECEL_TOPIC_I3h_r1,DECEL_TOPIC,I3h,instr
10,S10_DECEL_TOPIC_QF_r1,DECEL_TOPIC,QF,instr
11,S11_B0_CLOCK_QF_r1,B0_CLOCK,QF,instr
12,S12_HOLD_QF_r1,HOLD,QF,instr
13,S13_DECEL_TOPIC_I3_r2,DECEL_TOPIC,I3,instr
14,S14_B0_CLOCK_I3_r2,B0_CLOCK,I3,instr
15,S15_HOLD_I3_r2,HOLD,I3,instr
16,S16_DECEL_TOPIC_QFh_r2,DECEL_TOPIC,QFh,instr
17,S17_B0_CLOCK_QFh_r2,B0_CLOCK,QFh,instr
18,S18_HOLD_QFh_r2,HOLD,QFh,instr
19,S19_HOLD_I3h_r2,HOLD,I3h,instr
20,S20_DECEL_TOPIC_I3h_r2,DECEL_TOPIC,I3h,instr
21,S21_B0_CLOCK_I3h_r2,B0_CLOCK,I3h,instr
22,S22_B0_CLOCK_QF_r2,B0_CLOCK,QF,instr
23,S23_HOLD_QF_r2,HOLD,QF,instr
24,S24_DECEL_TOPIC_QF_r2,DECEL_TOPIC,QF,instr
25,S25_HOLD_QF_r3,HOLD,QF,instr
26,S26_DECEL_TOPIC_QF_r3,DECEL_TOPIC,QF,instr
27,S27_B0_CLOCK_QF_r3,B0_CLOCK,QF,instr
28,S28_B0_CLOCK_I3_r3,B0_CLOCK,I3,instr
29,S29_HOLD_I3_r3,HOLD,I3,instr
30,S30_DECEL_TOPIC_I3_r3,DECEL_TOPIC,I3,instr
31,S31_DECEL_TOPIC_I3h_r3,DECEL_TOPIC,I3h,instr
32,S32_B0_CLOCK_I3h_r3,B0_CLOCK,I3h,instr
33,S33_HOLD_I3h_r3,HOLD,I3h,instr
34,S34_B0_CLOCK_QFh_r3,B0_CLOCK,QFh,instr
35,S35_HOLD_QFh_r3,HOLD,QFh,instr
36,S36_DECEL_TOPIC_QFh_r3,DECEL_TOPIC,QFh,instr
