seq,trial_id,arm,cond
1,W01_S2_N_STILL_r1,S2,N_STILL
2,W02_S0_N_STILL_r1,S0,N_STILL
3,W03_S1_N_STILL_r1,S1,N_STILL
4,W04_S1_N_MOVE_r1,S1,N_MOVE
5,W05_S2_N_MOVE_r1,S2,N_MOVE
6,W06_S0_N_MOVE_r1,S0,N_MOVE
7,W07_S0_STALL15_r1,S0,STALL15
8,W08_S1_STALL15_r1,S1,STALL15
9,W09_S2_STALL15_r1,S2,STALL15
10,W10_S1_STALL5_r1,S1,STALL5
11,W11_S2_STALL5_r1,S2,STALL5
12,W12_S0_STALL5_r1,S0,STALL5
13,W13_S0_N_STILL_r2,S0,N_STILL
14,W14_S1_N_STILL_r2,S1,N_STILL
15,W15_S2_N_STILL_r2,S2,N_STILL
16,W16_S2_N_MOVE_r2,S2,N_MOVE
17,W17_S0_N_MOVE_r2,S0,N_MOVE
18,W18_S1_N_MOVE_r2,S1,N_MOVE
19,W19_S1_STALL15_r2,S1,STALL15
20,W20_S2_STALL15_r2,S2,STALL15
21,W21_S0_STALL15_r2,S0,STALL15
22,W22_S2_STALL5_r2,S2,STALL5
23,W23_S0_STALL5_r2,S0,STALL5
24,W24_S1_STALL5_r2,S1,STALL5
25,W25_S1_N_STILL_r3,S1,N_STILL
26,W26_S2_N_STILL_r3,S2,N_STILL
27,W27_S0_N_STILL_r3,S0,N_STILL
28,W28_S2_STALL15_r3,S2,STALL15
29,W29_S0_STALL15_r3,S0,STALL15
30,W30_S1_STALL15_r3,S1,STALL15
31,W31_S0_N_MOVE_r3,S0,N_MOVE
32,W32_S1_N_MOVE_r3,S1,N_MOVE
33,W33_S2_N_MOVE_r3,S2,N_MOVE
34,W34_S0_STALL5_r3,S0,STALL5
35,W35_S1_STALL5_r3,S1,STALL5
36,W36_S2_STALL5_r3,S2,STALL5
