id,title,taxonomy_ids,flow_ids,attacker,scenario,protection,evidence_needed,baselines,judgment,evidence_level,findings,next_step,priority,source_ids,limitation_ids,origin,trust_assumptions,checked_on,audit_protection,audit_attacker_split,audit_basis,audit_verified,audit_pending,audit_issues,audit_checked_on,review_doc
M1,추적되지 않는 pose의 로봇 구동,T1,"F01,F02,F03,F05","S0,S2,S3",tracking loss / valid-but-untracked를 같은 pose로 전달,허용한 tracking 조건의 입력만 소비,sample별 valid/tracked·원천 신뢰,"D02,D03",KNOWN_METHOD,PRIOR_INTERNAL_AND_CODE,S5에서 정보 전달+검사로 해결; 6개 wire의 해당 의미 누락,실제 runtime 가림·복구 경로와 정상 정지 손을 분리 재현,P1,"L02,L29,I01,I02",U24,INHERITED_M1_M15,runtime/collector/gate/consumer 신뢰를 각각 검증; S2에서 app evidence 자기보고는 신뢰하지 않음,2026-10-02,PARTIAL,PARTIAL,PRIOR_INTERNAL(S5)+CODE(A1-A6),S5 synthetic: tracked gate works when field delivered; 6 wires lack tracked (SOURCE),real runtime occlusion; S2 entry is moot for app-reported flags,S2 listed but a compromised app can forge the tracked field itself; tracking check is an S0/S3 defense only,2026-10-03,
M2,focus 상실 중 fresh-stamped 고정 pose,"T2,T4","F02,F03,F04","S0,S3",메뉴·착용 해제 후 캐시 pose를 새 stamp로 전송,작업이 요구한 input-active 조건 보존,focus/action·cache/sample time,"D02,D08",CANDIDATE,PRIOR_TRACE_AND_CODE,R0 실제 Quest 자료 5개 구간; F3에서는 앱이 스스로 중단하여 gate 추가 차단 0,계속 명령을 내는 실제 앱/런타임 경로 확보 후 평가,P1,"L01,I01,I02,I04",U26,INHERITED_M1_M15,baseline의 신뢰 경계·hop별 공격권한을 명시; 물리 고장과 공격 구분,2026-10-03,PARTIAL,YES,PRIOR_TRACE(R0)+CODE(A3)+REAL_APP(F3),"R0: 5 unfocused intervals with fresh-stamped frozen 60 Hz stream (prior data, new analysis); F3: real UR5e app stops itself",a runnable app that keeps streaming while unfocused,"instance of M12 (fresh stamp on stale content) for the focus cause; keep as linked, not independent count",2026-10-03,cases/C01
M3,grip 해제 뒤 잔여 이동,"T3,T11","F05,F06","S0,S3",새 메시지 중단 뒤 JTC가 남은 목표 수행,선언한 중단 기한/거리 내 물리 반응,release 시각·consumer/EE trace,"D05,D06",KNOWN_METHOD,SYNTHETIC_GAZEBO,"P1/P1b: 27.9–42.4 mm residual (medians 32.8–40.4 mm) after Servo-level stop/timeout; controller hold at measured state 1.0 mm (3/3); JTC cmd_timeout does not cover catch-up (L37); R04 real app: moving-onset stop residual B0 10.2–13.5 mm (Servo timeout never trips: sim-time vs wall stamp), B1 hold 1.6–2.8 mm, C1 0.0–0.1 mm; B0_clock (R07): with matched app/Servo clocks the Servo timeout fires (~0.5 s sim) but I3 residual remains 10.1–12.6 mm — residual is controller-level catch-up, not a clock-setting artifact",JTC decelerate_to_hold_position·다른 속도/자세; status 4 감속량 계측,P1,"L31,L21,I01,I02,L37,L40,I07,I09","U18,U19,U26,U44,U45,U46,U50,U52",INHERITED_M1_M15,baseline의 신뢰 경계·hop별 공격권한을 명시; 물리 고장과 공격 구분,2026-10-03,SPECIFIC,PARTIAL,"SYNTHETIC_GAZEBO(P1/P1b)+CODE(Servo 2.12.4, JTC 4.42.1)",P1/P1b: 27.9-42.4 mm residual (medians 32.8-40.4) with Servo-level stop; controller hold 1.0 mm (3/3),pose/speed/load dependence; deceleration-to-hold option; real robot,"findings text ""33-45 mm"" does not match P1/P1b data (27.9-42.4 mm); S3 role unclear (who induces release)",2026-10-03,cases/C01
M4,비활성 중 해제된 deadman의 눌림 캐시,"T2,T3","F02,F03,F05","S0,S3",inactive window 중 release edge 미전달,현재 구간의 유효 허가로만 재개,action cause·level/edge·permission epoch,"D02,D05,D08",KNOWN_METHOD,SYNTHETIC_AND_RUNTIME,"P1 command-level: stale-grip resume reproduced; cause-aware re-arm passes C2 and C3 when action activity is delivered; Monado edge rule confirmed (F1 K6); physical consequence masked by Servo singularity stop (P1 C2, P1b C2M); R04 real app: B0 resumes after runtime IO deactivation without press (P_rearm 0/9); B1 valid-tick edges 9/9 pass; ROS-side C1 cannot see buttons (0/9); probe: grip reads false while pose invalid and true on reactivation (naive edge = false press); R08: wire button levels in Docker_Teleop/Quest2ROS2/PickNik can show fake release/press (stale neutral, toggle, inactive transitions)",실제 ALVR/Quest 전제와 원인별 re-arm 오차단 확인,P1,"L01,I01,I02,L40,I07,I10","U33,U46,U49,U50,U54",INHERITED_M1_M15,baseline의 신뢰 경계·hop별 공격권한을 명시; 물리 고장과 공격 구분,2026-10-03,SPECIFIC,PARTIAL,SYNTHETIC(P1)+RUNTIME(F1 K6 Monado)+CODE(ALVR),command level: stale-grip resume reproduced; cause-aware re-arm passes C2+C3 (P1); edge rule confirmed on Monado (K6),physical consequence (masked by Servo singularity stop in P1 C2 and P1b C2M); ALVR/Quest/SteamVR real chain,"""solved"" holds at command level only; physical not interpretable; Quest premise NOT_VERIFIED",2026-10-03,cases/C01
M5,오래된 anchor로 재개,"T3,T5","F03,F05","S0,S3",중단 중 hand 이동 후 기존 offset 재사용,재개 기준점과 현재 EE 연속성,현재 pose/EE·anchor·permission epoch,D05,KNOWN_METHOD,REAL_APP_REMOTE_INPUT_GAZEBO,"F3 target 35 mm; R04: 원본 재개 점프 물리 실행(I1 target 47.9 mm/11.5°, EE 20–23 mm in 300 ms; N1 절대 재기준 40 mm); 측정 EE 재기준화+fresh press(B1) 0.00 mm·추종 증분 ≤0.99 mm/0.46°; ROS-side re-basing(C1)도 0.00 mm",다른 자세·속도·두 번째 앱에서 재확인,P1,"L30,I01,I04,L40,L41,I07,I08","U26,U46,U50,U51,U52",INHERITED_M1_M15,baseline의 신뢰 경계·hop별 공격권한을 명시; 물리 고장과 공격 구분,2026-10-03,PARTIAL,PARTIAL,PRIOR_INTERNAL(S5 #10)+REAL_APP(F3)+CODE,"R04: strongest fix executed on the real app (B1), resume jump removed in 6/6 resumes; physical jump of B0 unmasked",second app; real transitions,"""KNOWN_METHOD"" is by design argument; execution of the fix absent",2026-10-03,cases/C01
M6,recenter의 효력 구간 혼합,"T4,T5","F01,F03,F05","S0,S3",정상 recenter의 changeTime/epoch 소실,동일 공간 구간의 입력·변환 사용,event·changeTime·transform/anchor epoch,"D02,D05",KNOWN_METHOD,SYNTHETIC_GAZEBO,"P1 position-level: B0 180/15 mm, epoch gate 0 mm with 1 leaked command in 1/3 trials, 15-line app retrofit 0 mm, jump guard misses 3 cm; P1 rotation criterion confounded (orientation unsettled)",경계 포함 채점; 실제 원점 이벤트·정상 빠른 움직임 대조,P1,"L03,I01,I02","U29,U33,U46",INHERITED_M1_M15,baseline의 신뢰 경계·hop별 공격권한을 명시; 물리 고장과 공격 구분,2026-10-03,SPECIFIC,YES,SYNTHETIC_GAZEBO(P1)+CODE(ALVR),P1: B0 180/15 mm; epoch gate 0 mm (1 leaked command in 1/3); app retrofit 0 mm; jump guard misses 3 cm,real headset recenter; orientation outcomes (P1 angle criterion confounded by unsettled orientation),findings omit the P1 angle-criterion confound; position results only,2026-10-03,cases/C01
M7,오래된 입력과 latest tf 사용,"T4,T5","F04,F05","S0,S1",sample time과 transform lookup time 불일치,입력 시각에 맞는 변환 적용,sample stamp·tf history,"D02,D07",KNOWN_METHOD,CODE_ONLY,tf2 stamped query 가능; 해당 경로 효과 미측정,버전 pin 후 동적 tf 전환과 Time(0)/stamp 비교,P2,"L32,I01,L38,L40","U36,U48",INHERITED_M1_M15,baseline의 신뢰 경계·hop별 공격권한을 명시; 물리 고장과 공격 구분,2026-10-02,PARTIAL,PARTIAL,CODE(Servo servo.cpp L565 Time(0)),tf2 stamped lookup exists; Servo uses latest,effect size on any path; nav2 #6320 open (stale tf detection not standard),S1 (network) listed without mechanism,2026-10-03,
M8,왼손 topic에 오른손 메시지 내용,T6,"F03,F04","S0,S2",공유 mutable object와 비동기 직렬화,장치·arm·payload binding,원천 device id·immutable payload,"D02,D07",IMPLEMENTATION_GAP,CODE_AND_PRIOR_TRACE,R0 left 메시지 54% right frame; fresh allocation root fix,root fix 및 frame만 맞춘 swap 공격을 별도 비교,P2,"I01,I02",U37,INHERITED_M1_M15,runtime/collector/gate/consumer 신뢰를 각각 검증; S2에서 app evidence 자기보고는 신뢰하지 않음,2026-10-02,PARTIAL,PARTIAL,PRIOR_TRACE(R0)+CODE(A3),"54% left msgs with right frame (real Quest data, prior)",root fix untested; frame-consistent swap undetectable,none beyond U37,2026-10-03,
M9,controller 부재 시 head pose 대체,T6,"F02,F03,F05","S0,S3",null hand pose를 head로 조용히 대체,승인한 입력 장치로만 조작,pose-source identity·fallback policy,"D02,D05",IMPLEMENTATION_GAP,CODE_ONLY,Spes source-confirmed; 물리 결과 없음,hand loss 뒤 head move와 명시적 fallback 정상 모드 비교,P2,I01,U38,INHERITED_M1_M15,baseline의 신뢰 경계·hop별 공격권한을 명시; 물리 고장과 공격 구분,2026-10-02,GENERIC,PARTIAL,CODE(A4 Spes),source-confirmed fallback,runtime/physical effect,none,2026-10-03,
M10,양팔 rate / override fan-out,"T6,T8,T10","F04,F05","S0,S4,S5",한 arm의 부가 값이 양팔에 적용,명령과 mode의 per-arm scope,arm id·scope·atomic sample set,"D02,D09",IMPLEMENTATION_GAP,CODE_ONLY,OpenArmX shared rate source-confirmed,한쪽 변경 시 다른 arm 불변성·동시 정상 입력 확인,P2,"L18,I01",U38,INHERITED_M1_M15,baseline의 신뢰 경계·hop별 공격권한을 명시; 물리 고장과 공격 구분,2026-10-02,GENERIC,PARTIAL,CODE(A6 OpenArmX),source-confirmed fan-out,runtime effect,S4/S5 listed without scenario,2026-10-03,
M11,latched override의 deadman 우회,"T3,T8","F04,F05","S0,S5",TRANSIENT_LOCAL IK override 재사용,명시적 모드·권한·수명 내 override,source identity·mode·permission·lease,"D01,D02,D09",KNOWN_METHOD,CODE_ONLY,source-confirmed; QoS/ACL/timeout 비교 필요,사용자 선언한 scripted motion 허용 정책부터 고정,P1,"L05,L18,I01",U33,INHERITED_M1_M15,baseline의 신뢰 경계·hop별 공격권한을 명시; 물리 고장과 공격 구분,2026-10-02,PARTIAL,PARTIAL,CODE(A6),TRANSIENT_LOCAL override source-confirmed,policy for scripted motion not declared; no run,KNOWN_METHOD by expressibility only,2026-10-03,
M12,묵은 값에 새 stamp 부여,T4,"F03,F04,F05","S0,S1,S2",receive/publish stamp를 sample freshness로 오해,실제 입력 나이와 순서 제한,S/G/P/R·clock map·sequence,"D02,D03",CANDIDATE,CODE_AUDIT_AND_SURROGATE,7개 감사 경로에서 generation-interval 전제 무수정 미성립,second candidate (C02): modified-app sample-time stamping + age check on the F3 stack; record inferred-pose and button residuals,P1,"L19,I03,I06,L38,L42","U28,U48",INHERITED_M1_M15,runtime/collector/gate/consumer 신뢰를 각각 검증; S2에서 app evidence 자기보고는 신뢰하지 않음,2026-10-03,PARTIAL,PARTIAL,CODE_AUDIT(I06)+SURROGATE(F1/F2),7 audited apps: none stamps sample time unmodified (SOURCE),one real app with sample-time stamping change; clock-domain conversion,parent of M2; F1 freshness confound documented,2026-10-03,cases/C02
M13,monitor / gate 고장,T11,"F05,F10","S0,S1,S5",crash/hang 뒤 consumer 계속 수행,health 상실 시 정의한 안전 반응,heartbeat·deadline·controller state,"D06,D14",KNOWN_METHOD,PRIOR_INTERNAL,S5 watchdog/fail-closed pinned 경로 결과; 전체 robot 안전 보장 아님,consumer 직접 우회·restart·물리 hold를 결합 확인,P2,"L21,L22,I01","U15,U19,U20",INHERITED_M1_M15,baseline의 신뢰 경계·hop별 공격권한을 명시; 물리 고장과 공격 구분,2026-10-02,PARTIAL,PARTIAL,PRIOR_INTERNAL(S5 C-MON),fail-closed watchdog in pinned S5 setup,"direct consumer bypass, restart, physical hold",ROSMonitoring result scoped to 2026-09-22 image,2026-10-03,
M14,lease / authority 전환,T7,"F04,F09,F10","S0,S4",handoff 뒤 이전 주체의 goal/취소 처리,현재 소유자가 지정된 goal만 제어,owner·lease epoch·goal UUID,"D01,D02,D06",KNOWN_METHOD,PRIOR_INTERNAL,이전 authority 결과 보존; 같은 class novelty 재주장 금지,새 multi-user 경로의 구체적 반례가 있을 때만 재개,P3,"L04,L05,I01",U39,INHERITED_M1_M15,baseline의 신뢰 경계·hop별 공격권한을 명시; 물리 고장과 공격 구분,2026-10-02,PARTIAL,YES,PRIOR_INTERNAL(authority_continuity),IMPLEMENTATION_GAP_ONLY (HORUS),new multi-user XR path,closed class; do not re-raise,2026-10-03,
M15,인증 없는 XR bridge,T15,"F03,F04",S1,노출 hop에 위조 입력 주입,hop별 sender 인증·최소 권한,credentials·hop inventory,D01,KNOWN_METHOD,CODE_ONLY,기존 TLS/auth class; tracking을 SROS2 실패로 표시하지 않음,모든 hop의 활성 security config와 residual DoS 확인,P2,"L05,I01",U40,INHERITED_M1_M15,baseline의 신뢰 경계·hop별 공격권한을 명시; 물리 고장과 공격 구분,2026-10-02,PARTIAL,YES,CODE,"unauthenticated bridges source-confirmed (Spes bundled key, OpenArmX UDP)",active security config per hop,none,2026-10-03,
M16,DDS 권한·발견 구현의 우회,"T7,T12,T15",F04,"S1,S5",논문 당시 protocol/permission 취약 경로,허용 topic만 pub/sub,정확한 ROS/RMW/DDS 버전·permissions,"D01,D14",UNKNOWN,PAPER_SCOPE,CCS22와 DDS 보고서는 과거 버전 결과; 오늘의 취약성 미확정,vendor advisory·patch commit 대조 후 isolated regression,P2,"L16,L17","U01,U12,U13",BLUEPRINT_EXPANSION,baseline의 신뢰 경계·hop별 공격권한을 명시; 물리 고장과 공격 구분,2026-10-02,PARTIAL,YES,"PAPER_SCOPE(L16,L17)",reported patched/mitigated (L17),installed DDS version check,none (UNKNOWN kept),2026-10-03,
M17,정상 키 앱의 pose·stamp·상태 공동 위조,"T1,T4,T15","F02,F03,F10",S2,앱이 활성 sample 없이 그럴듯한 command/evidence 생성,command가 허용한 입력·변환에서 유래,trusted sample-to-command relation,"D01,D02,D08",CANDIDATE,DESIGN_ONLY,S2 미방어; runtime token만으로 command derivation 증명 안 됨,최소 trusted mapper/independent sensor baseline과 반례 설계,P1,"L18,I05,I06","U17,U27,U28,U32,U34,U35",BLUEPRINT_EXPANSION,runtime/collector/gate/consumer 신뢰를 각각 검증; S2에서 app evidence 자기보고는 신뢰하지 않음,2026-10-02,PARTIAL,YES,DESIGN(I05),not defended,minimal trusted mapper baseline,none,2026-10-03,
M18,runtime 제어 권한·client identity 사칭,"T2,T15","F02,F10",S2,libmonado setters/자기보고 PID로 gate 연결 왜곡,관측 주체와 command sender의 비위조 binding,kernel peer credentials·admin authority,"D01,D08,D14",CANDIDATE,CODE_AND_DESIGN,I05 R1/R2 미구현; OS/runtime 변형 분리 필요,observe/control 분리 및 authenticated binding 비용 pilot,P1,"L04,I05","U14,U27,U34",BLUEPRINT_EXPANSION,runtime/collector/gate/consumer 신뢰를 각각 검증; S2에서 app evidence 자기보고는 신뢰하지 않음,2026-10-02,PARTIAL,YES,CODE(libmonado API)+DESIGN,unauthenticated setters on app socket (F1 probe),authenticated control variant,none,2026-10-03,
M19,gate를 건너뛴 controller 직접 접근,"T8,T11,T15","F04,F05,F06","S2,S5",다른 topic/service/driver로 actuator 제어,모든 실행 경로의 완전한 매개,topic/service/action/driver reachability,"D01,D14",KNOWN_METHOD,DESIGN_ONLY,SROS2+OS deployment baseline; 권한 패치 하나로 S2 전체 성립 안 함,권한 있는 XR 앱에서 모든 downstream bypass negative test,P2,"L05,L18,I05","U01,U12,U14,U16,U27,U35",BLUEPRINT_EXPANSION,runtime/collector/gate/consumer 신뢰를 각각 검증; S2에서 app evidence 자기보고는 신뢰하지 않음,2026-10-02,PARTIAL,YES,DESIGN,SROS2/OS mediation is a known method; not deployed here,negative bypass test with permissions,"KNOWN_METHOD here = expressible/deployable, not deployment-verified",2026-10-03,
M20,증거·제어 경로 과부하 및 fail-closed DoS,"T11,T13","F03,F04,F10","S1,S2,S5",정상 형식 flood·CPU load·증거 지연,실행 기한과 가용성의 선언한 trade-off,queue·lag·health·physical reaction,"D14,D08,D10",CANDIDATE,PAPER_AND_SURROGATE,F2 +30 ms 6 leak; +80 ms 정상 1770/1770 차단,같은 부하·freshness에서 queue/isolation baseline과 비교,P1,"L15,L17,L21,I03","U11,U13,U15,U18,U19,U25",BLUEPRINT_EXPANSION,runtime/collector/gate/consumer 신뢰를 각각 검증; S2에서 app evidence 자기보고는 신뢰하지 않음,2026-10-02,PARTIAL,PARTIAL,PAPER+SURROGATE(F2),F2 +30 ms: 6 leaks; +80 ms: 1770/1770 fail-closed,flood/load scenarios; queue isolation baseline,shares F2 evidence with M40; avoid double counting,2026-10-03,
M21,다른 운영자의 승인·goal 취소 침범,"T7,T14","F09,F10",S4,다른 client의 목표 승인 또는 광범위 cancel,operator·target·goal scope 일치,authenticated operator·goal/approval binding,"D01,D02,D06",KNOWN_METHOD,PAPER_AND_PRIOR_SCOPE,ownership/goal UUID 기존 방어; 실제 XR multi-user 적용 미검증,정상 handoff와 타인 goal 취소를 별도 regression,P3,"L04,L10,I01",U04,BLUEPRINT_EXPANSION,baseline의 신뢰 경계·hop별 공격권한을 명시; 물리 고장과 공격 구분,2026-10-02,PARTIAL,YES,PAPER+PRIOR_SCOPE,goal ownership known method,XR multi-user path,none,2026-10-03,
M22,본 장면의 target와 실행 target가 달라짐,"T4,T9,T14","F07,F08,F09","S0,S1,S2",화면 object/point 선택 뒤 state version 변경,명령이 기반한 scene/object 의미 유지,scene version·object id·frame·display/selection provenance,"D02,D13",CANDIDATE,RESEARCH_INFERENCE,정직 앱은 optimistic version check 가능; 실제 표시/거짓 보고는 별도,BLOCKED_ENV until a target-selection XR->ROS app or instrumentable renderer exists (C02),P1,"L06,L27,L28,L43",U02,BLUEPRINT_EXPANSION,runtime/collector/gate/consumer 신뢰를 각각 검증; S2에서 app evidence 자기보고는 신뢰하지 않음,2026-10-03,GENERIC,PARTIAL,"RESEARCH_INFERENCE(L06,L27,L28)",none executed,a target-selection XR->ROS app; scene-version baseline,no audited implementation is target-selection based,2026-10-03,cases/C02
M23,XR overlay / synthetic cursor로 잘못 승인,"T6,T9,T14","F08,F09","S2,S4",UI 겹침·표적 변경·가짜 click으로 유효 command 생성,실제 승인 대상과 command 의미 일치,trusted input event·render/target relation,"D02,D11,D13",CANDIDATE,PAPER_TO_ROBOT_INFERENCE,Shadowed Realities WebXR 실증; robot 실행 피해 미검증,비인간 테스트 UI→goal linkage; input-validation baseline 재현,P1,"L06,L10,L39","U02,U04,U47",BLUEPRINT_EXPANSION,runtime/collector/gate/consumer 신뢰를 각각 검증; S2에서 app evidence 자기보고는 신뢰하지 않음,2026-10-02,PARTIAL,YES,PAPER(L10)+INFERENCE,"WebXR UI attacks shown by authors (browser/ad setting); follow-up workshop paper exists (L39, content unread)",robot-command consequence; current browser mitigations,robot harm is our inference,2026-10-03,
M24,공간·chaperone 기만으로 operator motion 유도,"T5,T14","F01,F08,F09",S2,보이는 공간을 변형해 정상 손·몸 이동을 유도,의도·물리 기준점과 mapping의 관계,independent spatial reference·trusted display,"D10,D11,D13",UNKNOWN,ABSTRACT_TO_ROBOT_INFERENCE,Human Joystick VR 공격 선례; XR robot에 그대로 성립한다고 안 함,권한·공격면 확인 후 화면 기만과 단순 좌표 forge 구분,P2,"L06,L09",U02,BLUEPRINT_EXPANSION,runtime/collector/gate/consumer 신뢰를 각각 검증; S2에서 app evidence 자기보고는 신뢰하지 않음,2026-10-02,GENERIC,PARTIAL,ABSTRACT(L09),none,attack surface in a robot task,none (UNKNOWN kept),2026-10-03,
M25,명령·feedback의 coordinated FDI,"T5,T9,T15","F03,F07,F08","S1,S2,S5",동역학 대칭·관측/명령 공동 변형,실제 robot 상태를 독립적으로 판정,uncompromised observable·crypto mode·model,"D01,D13",CANDIDATE,PAPER_SCOPE,Affine/ElGamal 공격과 2025 defense 존재; TLS 일반 취약성 아님,2025 방어 전문 대조; 똑같은 관측·공격권한으로 비교,P2,"L24,L25,L26","U21,U22,U30",BLUEPRINT_EXPANSION,runtime/collector/gate/consumer 신뢰를 각각 검증; S2에서 app evidence 자기보고는 신뢰하지 않음,2026-10-02,PARTIAL,YES,PAPER(L24-L26),attacks and a 2025 defense exist (abstract),full-text comparison,none,2026-10-03,
M26,haptic / force feedback의 누락·변형,"T9,T14","F07,F08","S0,S1,S2",시야 가림 작업에서 force 판단 손실,작업에 필요한 관측 채널 보존,force age/authenticity·task criterion,"D01,D10,D13",UNKNOWN,AUTHOR_LIMITATION_TO_RESEARCH,TeleVision haptic 부재 명시; 보안 gap 자체는 미확정,촉각 의존 작업 정의·delay baseline·독립 force metric,P2,"L07,L15,L28","U03,U23",BLUEPRINT_EXPANSION,runtime/collector/gate/consumer 신뢰를 각각 검증; S2에서 app evidence 자기보고는 신뢰하지 않음,2026-10-02,GENERIC,PARTIAL,AUTHOR_LIMITATION(L28),none,task definition,none,2026-10-03,
M27,물리 가림·방해로 정상 transition 유발,"T1,T2,T13","F01,F02",S3,카메라 가림/링크 방해; 메시지 forge 없음,전환 처리와 가용성 손실 분리,tracking cause·action/permission history,"D02,D05,D14",UNKNOWN,AUTHOR_LIMITATION_AND_INFERENCE,OpenTeach hand occlusion 한계; 환경 attacker 도달성 별도,hardware 경로 확보 시 benign glitch와 intentional repeated interruption 비교,P1,"L15,L29","U11,U24",BLUEPRINT_EXPANSION,baseline의 신뢰 경계·hop별 공격권한을 명시; 물리 고장과 공격 구분,2026-10-02,GENERIC,PARTIAL,AUTHOR_LIMITATION(L29),none,hardware path,none,2026-10-03,
M28,hand/controller/profile 교체 중 기준점 변경,"T5,T6","F02,F03,F05","S0,S3",입력 장치 전환 뒤 pose reference/permission 재사용,새 장치와 anchor·arm binding 재설정,profile event·device id·anchor version,"D02,D05,D07",UNKNOWN,UNTESTED,OpenXR event/구현 audit 필요; pose jump 필연이라고 단정 안 함,정확한 spec event 확인→실제 구현 2개 코드→minimal transition,P2,"L01,L29,I01",U24,BLUEPRINT_EXPANSION,baseline의 신뢰 경계·hop별 공격권한을 명시; 물리 고장과 공격 구분,2026-10-02,GENERIC,PARTIAL,UNTESTED,none,spec event + 2 implementations,none,2026-10-03,
M29,static tf / calibration 갱신과 cache의 엇갈림,"T4,T5","F04,F05","S0,S5",고정 frame 갱신/restart 뒤 서로 다른 소비자 cache,사용한 calibration version 일치,tf publication/version·cache·effective time,"D02,D07",UNKNOWN,UNTESTED,tf2 기능 존재; static update 취약성은 이번에 미검증,동적 tf·고정 tf·app anchor를 구분해 버전별 재현,P2,"L03,L32,I01",U36,BLUEPRINT_EXPANSION,baseline의 신뢰 경계·hop별 공격권한을 명시; 물리 고장과 공격 구분,2026-10-02,GENERIC,PARTIAL,UNTESTED,none,versioned repro,none,2026-10-03,
M30,XR camera / mesh / 공간 데이터 과다 공유,"T12,T15","F01,F03,F11","S2,S5",필요 pose 이상 원시 sensor·환경 자료 유출,최소 기능 데이터·정당한 목적지만 접근,field/API permissions·dataflow/purpose,"D01,D11,D12",KNOWN_METHOD,PAPER_SCOPE,Erebus/OVRseen 등 기존 통제·감사; XR→ROS utility 비용 미확인,실제 teleop flow inventory와 최소 데이터 기능 유지 비교,P3,"L07,L12,L13","U03,U07,U08,U09,U35",BLUEPRINT_EXPANSION,runtime/collector/gate/consumer 신뢰를 각각 검증; S2에서 app evidence 자기보고는 신뢰하지 않음,2026-10-02,PARTIAL,PARTIAL,"PAPER(L07,L12,L13)",controls exist in other XR settings,XR->ROS flow inventory,none,2026-10-03,
M31,teleop motion으로 사용자 식별,T12,"F03,F11","S1,S4,S5",허용된 telemetry에서 개인 특성 추론,기능 유지하며 선언한 privacy 보호,motion recipient·representation·task utility,"D01,D12",UNKNOWN,PAPER_TO_TELEOP_INFERENCE,VR motion 식별 선례; Beat Saber 결과 teleop 일반화 미검증,2026 SoK 전문·teleop 데이터·utility/privacy threat model 대조,P3,"L07,L14,L35","U03,U10",BLUEPRINT_EXPANSION,baseline의 신뢰 경계·hop별 공격권한을 명시; 물리 고장과 공격 구분,2026-10-02,GENERIC,PARTIAL,PAPER(L14),VR identification shown (Beat Saber),teleop data,none,2026-10-03,
M32,암호화 트래픽의 작업·행동 추론,T12,"F03,F07,F11",S1,packet timing/size로 task 추정,내용 암호화와 traffic privacy 분리,metadata trace·attacker observation·padding cost,"D01,D12,D14",UNKNOWN,SEED_LEAD,기존 inventory의 robot fingerprinting 경쟁 연구 있음; 전문 미확인,seed 2312.06802·2026 joint attack 전문 후 동일 task 평가,P3,"L07,L17",U41,BLUEPRINT_EXPANSION,baseline의 신뢰 경계·hop별 공격권한을 명시; 물리 고장과 공격 구분,2026-10-02,GENERIC,YES,SEED_LEAD,none,full text,none,2026-10-03,
M33,닫힌 앱·runtime의 증거 미노출,"T1,T2,T15","F02,F03,F10","S0,S2",SDK가 있어도 실제 source read/증거 연결 확인 불가,보장의 전제와 미관측 지점 표시,API availability/read/wire/consume 4단계,"D08,D11",UNKNOWN,CODE_SCOPE_BOUNDARY,2 closed frontends source read 미확인; absence 증명 아님,지원 runtime별 capability manifest·closed app observe 가능성 조사,P2,"I01,I02,I06","U07,U08,U09,U28",BLUEPRINT_EXPANSION,runtime/collector/gate/consumer 신뢰를 각각 검증; S2에서 app evidence 자기보고는 신뢰하지 않음,2026-10-02,PARTIAL,PARTIAL,CODE_SCOPE(I06),2 closed APKs; PickNik host closed,capability manifests,overlaps M12 (evidence availability); keep linked,2026-10-03,
M34,인과 로그 부족·위조로 잘못된 audit,"T4,T11,T15","F10,F11","S2,S5",명령·표시·상태 변화 로그의 origin/ordering 오해,실제 provenance와 postmortem 인과 구분,trusted logs·IDs·clock bounds,"D11,D14",CANDIDATE,PAPER_TO_ROBOT_INFERENCE,REALITYCHECK 정적 hook 우회·동적 코드 제약,재현 trace에 provenance audit 적용; 실시간 방어로 채점 금지,P2,"L11,L12","U05,U06",BLUEPRINT_EXPANSION,runtime/collector/gate/consumer 신뢰를 각각 검증; S2에서 app evidence 자기보고는 신뢰하지 않음,2026-10-02,PARTIAL,PARTIAL,"PAPER(L11,L12)",none,trace + provenance audit,none,2026-10-03,
M35,runtime IPC query로 service 가용성 상실,"T11,T13,T15","F02,F10",S2,session 없는 client 질의 후 service 종료 관측,증거 원천 crash의 fail behavior,runtime commit·IPC state·recovery trace,"D14,D08",UNKNOWN,INTERNAL_OBSERVATION,F1/I05 관측; 새 CVE나 최신 모든 build 취약성으로 선언 안 함,upstream issue/patch 중복 확인·pin regression·recovery 평가,P2,"I02,I05",U27,BLUEPRINT_EXPANSION,runtime/collector/gate/consumer 신뢰를 각각 검증; S2에서 app evidence 자기보고는 신뢰하지 않음,2026-10-02,PARTIAL,PARTIAL,"INTERNAL_OBSERVATION(F1 bring-up, isolated repro)",service terminated on one libmonado query for a sessionless client (045931d),upstream issue search; recovery behaviour,not a CVE claim; upstream status unknown,2026-10-03,
M36,재연결·QoS queue에서 묵은 목표 실행,"T3,T4,T13","F03,F04,F05","S0,S1,S5",restart 뒤 backlog/latched goal 재전달,현재 session·권한·age의 goal만 실행,sequence·session epoch·queue age·controller lifecycle,"D02,D06,D14",KNOWN_METHOD,CODE_AND_DESIGN,freshness·QoS·epoch 기존 baseline; 구체적 XR chain 아직 미실행,한 hop씩 queue 주입→실제 reconnect; 정상 loss 대조,P2,"L31,I01,I06",U43,BLUEPRINT_EXPANSION,baseline의 신뢰 경계·hop별 공격권한을 명시; 물리 고장과 공격 구분,2026-10-02,PARTIAL,PARTIAL,CODE+DESIGN,known freshness/epoch/QoS methods,reconnect chain run,none,2026-10-03,
M37,안전 범위 안이지만 잘못된 mode/작업 명령,"T8,T9,T15","F05,F09","S2,S5",충돌 없는 명령도 absolute/relative/task 의미가 틀림,선언한 mode·승인 task 의미 유지,trusted mode/approval·physical constraints,"D04,D09,D10",CANDIDATE,RESEARCH_INFERENCE,물리 safety와 semantic permission 목표 다름; 기존 계약으로 표현 가능성부터 확인,RTron/RCL 가장 강한 policy 구성과 동등 정보 비교,P2,"L18,L20,L34","U14,U17,U31,U35",BLUEPRINT_EXPANSION,runtime/collector/gate/consumer 신뢰를 각각 검증; S2에서 app evidence 자기보고는 신뢰하지 않음,2026-10-02,GENERIC,PARTIAL,RESEARCH_INFERENCE,none,policy definition,none,2026-10-03,
M38,자연 drift / 보정 오차의 독립 판정,"T1,T5","F01,F05,F06","S0,S3",정상 calibration 값 자체가 물리 현실과 어긋남,독립 기준점에 맞는 spatial relation,independent fiducial/sensor·uncertainty,"D07,D10,D13",UNKNOWN,UNTESTED,epoch 정합성만으로 물리 calibration 정확성 증명 불가,기존 calibration/SLAM 방어 문헌부터 추가; forge/recenter와 분리,P2,"L02,L03,L32",U42,BLUEPRINT_EXPANSION,baseline의 신뢰 경계·hop별 공격권한을 명시; 물리 고장과 공격 구분,2026-10-02,GENERIC,PARTIAL,UNTESTED,none,calibration/SLAM literature,none,2026-10-03,
M39,중단→정지→재허가→재기준화의 결합,"T2,T3,T5,T8,T11","F05,F06,F10","S0,S3,S5",각 검사 통과해도 pending goal/anchor/permission 조합 실패,작업별 통합 stop/resume 계약 보존,원인·EE·button·mode·epoch·controller acknowledgment,"D04,D05,D06,D09",CANDIDATE,REAL_APP_REMOTE_INPUT_GAZEBO,"R04 (45 trials, masked 0): 개별 기존 수정의 결합(B1: valid-tick fresh press + 측정 EE 재기준화 + runtime evidence + pause→hold→재기준화→publish→unpause)이 이 실제 경로에서 전체 계약 충족 15/15; 앱 무수정 ROS-side C1은 부분 계약(P_stop/P_resume/Normal/Live) 12/12 충족, P_rearm 0/9(버튼 관측 불가); 공통 구성요소의 이득은 두 번째 경로 없이 미입증; R05: B1/C1 conclusions conditional on app-command mapping reference (U51), status-4 slowdown unquantified (U52); R08: second real path BLOCKED on host resources (U53)",Quest 확보 시 Docker_Teleop 경로에서 B0/B1/C1(+stale-aware button adapter) 비교; 미확보 시 현 경로에서 status-4 계측·decelerate_to_hold 확인,P1,"L18,L20,L21,L30,I04,L37,L40,L41,I07,I08,I09,I10","U15,U16,U17,U18,U20,U26,U31,U32,U33,U34,U44,U45,U46,U49,U50,U51,U52,U53,U54",BLUEPRINT_EXPANSION,baseline의 신뢰 경계·hop별 공격권한을 명시; 물리 고장과 공격 구분,2026-10-03,PARTIAL,PARTIAL,CROSS_CASE(P1/P1b/F3)+CODE,"R04: combination executed on a real app path without singularity masking; B1 full contract; C1 partial contract, P_rearm fails (information limit)",second real path (BLOCKED_ENV: Quest); status-4 magnitude; real headset transitions; other poses/speeds,umbrella of M3-M6; must not count as an independent finding; S5 attacker listed without scenario,2026-10-03,cases/C01; reports/R03 (frozen protocol); reports/R04 (results)
M40,짧은 transition·지연 증거의 검사 race,"T2,T4,T11","F05,F10","S0,S1,S2",collector sampling과 실제 상태 효력 사이 간극,선언한 시간 오차·기한 내 판정,effective time·clock uncertainty·event stream·lag,"D02,D03,D08,D14",CANDIDATE,SURROGATE_EXPERIMENT,F2 5 ms interval 1/18 leak; +30 ms 모든 상태 검사 6 leak,event delivery·bounded wait·runtime enforcement baseline 비용 비교,P1,"L19,L21,I03","U18,U20,U25,U29",BLUEPRINT_EXPANSION,runtime/collector/gate/consumer 신뢰를 각각 검증; S2에서 app evidence 자기보고는 신뢰하지 않음,2026-10-02,SPECIFIC,PARTIAL,SURROGATE(F2),5 ms window: interval 1/18 leak; +30 ms: 6 leaks per state arm,event-delivery or bounded-wait baseline,shares F2 data with M20,2026-10-03,
