id,source_id,attribution,locator,limitation,followup_status,implication,case_ids,checked_on,followup_source_ids,is_gap_evidence
U01,L04,AUTHOR_SCOPE,Scope disclaimer,공식 threat model은 exhaustive하지 않으며 모든 listed attack 완화가 제품 보안을 증명하지 않음,UNKNOWN,coverage 검증과 holdout audit로 보완,"M16,M19",2026-10-02,,NO_AUTOMATIC_INFERENCE
U02,L06,AUTHOR_LIMITATION,§9 Limitations / PDF physical p15,DAF는 이론적이며 empirical validation과 cognitive diversity 반영이 필요,UNKNOWN,XR robot 승인/판단 실증은 별도 과제,"M22,M23,M24",2026-10-02,,NO_AUTOMATIC_INFERENCE
U03,L07,AUTHOR_OPEN_QUESTION,§7 RQ9; §9 FW1–4,motion/time-series 보호·closed platform 배포·VR-native stimuli 보호 등의 당시 과제,PARTIAL_FOLLOWUP_LEAD,2026 motion SoK와 WebXR UI 연구를 대조; 전부 해결됐다고 안 함,"M26,M30,M31",2026-10-02,"L10,L35",NO_AUTOMATIC_INFERENCE
U04,L10,AUTHOR_LIMITATION,§8 Discussion & Limitations / PDF physical p15,주로 single-user WebXR; 다른 immersive platform은 dark interaction 사전 식별·후속 확장 필요,UNKNOWN,multi-user robot 승인 경로로 전이하는지 확인,"M21,M23",2026-10-02,,NO_AUTOMATIC_INFERENCE
U05,L11,AUTHOR_LIMITATION,§9 / PDF physical p15,정적 instrumentation이 dynamically loaded code·hook bypass를 놓칠 수 있음,UNKNOWN,trusted runtime log와 direct observer baseline 비교,M34,2026-10-02,,NO_AUTOMATIC_INFERENCE
U06,L11,AUTHOR_LIMITATION,§9 / PDF physical p15,formal user study는 없고 user-perceived latency는 후속 과제,UNKNOWN,teleop audit의 체감·task 지연은 별도 측정,M34,2026-10-02,,NO_AUTOMATIC_INFERENCE
U07,L12,AUTHOR_LIMITATION,§7 / PDF physical pp16–17,closed platform 자체 트래픽 대부분 미복호화; 정책 NLP 모델 제약·불일치,UNKNOWN,실제 dataflow 미관측 구간 표시; 감사 결과를 완전 coverage로 사용 안 함,"M30,M33",2026-10-02,,NO_AUTOMATIC_INFERENCE
U08,L13,AUTHOR_ASSUMPTION,§5.2.1; Appendix A.2,semantic trusted attributes·정책 저장소·local server·base OS 신뢰 전제,UNKNOWN,정책 의미/출처 신뢰와 데이터 접근 집행을 분리,"M30,M33",2026-10-02,,NO_AUTOMATIC_INFERENCE
U09,L13,AUTHOR_IMPLEMENTATION_SCOPE,§8; Appendix A.2,"ARCore 포팅 앱 평가; runtime C# compile은 Mono 조건, IL2CPP에서는 제한",UNKNOWN,OpenXR·closed 앱 무수정 지원이라고 일반화하지 않음,"M30,M33",2026-10-02,,NO_AUTOMATIC_INFERENCE
U10,L14,AUTHOR_LIMITATION,§9.1 / PDF physical p14,일부 특징은 Beat Saber 특유; 타 앱 일반화 미확인; height/handedness는 자기보고,UNKNOWN,teleop motion의 식별 성능을 새로 평가해야 함,M31,2026-10-02,,NO_AUTOMATIC_INFERENCE
U11,L15,AUTHOR_SCOPE,§3.1; §4.2 / PDF physical pp4–5,통신 공격 중심; 공학 학생의 단순화 task와 실제 surgeon 행동 차이 인정,UNKNOWN,정상기능 악용 선례만 계승; XR 임상 피해 외삽 금지,"M20,M27",2026-10-02,,NO_AUTOMATIC_INFERENCE
U12,L16,AUTHOR_LIMITATION,§4.4 / PDF physical p6,parameterized model checking은 soundness를 목표로 하며 completeness 보장하지 않음,UNKNOWN,bounded verification 결과로 모든 graph 안전을 주장하지 않음,"M16,M19",2026-10-02,,NO_AUTOMATIC_INFERENCE
U13,L17,AUTHOR_RESOLUTION_STATUS,§1.1 / PDF physical p5,보고 vulnerabilities는 vendor가 patched/mitigated했다고 명시; deployed 오래된 버전 별도,REPORTED_PATCHED_OR_MITIGATED,현재 pin과 advisory별로 확인 후 regression; 미해결 CVE 목록으로 재포장 금지,"M16,M20",2026-10-02,L17,NO_AUTOMATIC_INFERENCE
U14,L18,AUTHOR_ASSUMPTION,§2.3 Threat Model,OS·ROS core와 isolation은 신뢰; 네트워크·sensor·actuator/controller 보안은 orthogonal,UNKNOWN,S2/runtime 무결성·controller 우회 범위는 별도 비교,"M18,M19,M37",2026-10-02,,NO_AUTOMATIC_INFERENCE
U15,L19,AUTHOR_FUTURE_WORK,§7 Conclusions and Future Work,case study deadlock-free formal verification·threading·복잡한 service 의존성 후속 평가,UNKNOWN,집행 삽입으로 생기는 liveness 비용도 기록,"M13,M20,M39",2026-10-02,,NO_AUTOMATIC_INFERENCE
U16,L20,AUTHOR_FUTURE_WORK,§3.6; §6,현재 RCL/Vanda 합성은 topics; services/actions 확장 필요,PARTIALLY_ADDRESSED,ROSMonitoring2.0 서비스 지원은 확인; RCL/Vanda 연결 확장은 여전히 해당 v4 future work,"M19,M39",2026-10-02,"L19,L20",NO_AUTOMATIC_INFERENCE
U17,L20,AUTHOR_LIMITATION,§6 Conclusions and Future Work,현재 guarantee만 monitor; assumption 위반 구별 제한·manual calculus·persistent output 가정,UNKNOWN,외부 XR 상태 가정과 guarantee를 각각 관측할 수 있는지 확인,"M17,M37,M39",2026-10-02,,NO_AUTOMATIC_INFERENCE
U18,L21,AUTHOR_LIMITATION,§6 / PDF physical pp15–16,explicit timing·지각 오류·message delay·actuator uncertainty·global/compositional safety 미보장,UNKNOWN,stop deadline과 실제 EE/환경을 검증; 형식 논리 pass만으로 안전 선언 금지,"M3,M20,M39,M40",2026-10-02,,NO_AUTOMATIC_INFERENCE
U19,L21,AUTHOR_LIMITATION,§6 / PDF physical p16,정지가 항상 safe state는 아니며 환경별 recovery/안전 논거 필요,UNKNOWN,유지·후퇴·중단 중 어떤 반응이 task에 안전한지 명세,"M3,M13,M20",2026-10-02,,NO_AUTOMATIC_INFERENCE
U20,L22,AUTHOR_SCOPE_AND_FUTURE,§2.3; §3; §4,기본 결과는 violation 알림이며 filtering 없음; 당시 empty message·평가 정책 확장 과제,UNKNOWN,handler에서 controller 반응까지 separately 연결·측정,"M13,M39,M40",2026-10-02,,NO_AUTOMATIC_INFERENCE
U21,L24,AUTHOR_FUTURE_WORK,§II; §VI Conclusion,static affine 가정; nonlinear 확장과 detector 개발 후속 과제,PARTIAL_FOLLOWUP_CONFIRMED,L25가 nonlinear dynamic symmetry 일부 다룸; L26 defense 존재; 동일 보장 전체 해결 미확인,M25,2026-10-02,"L25,L26",NO_AUTOMATIC_INFERENCE
U22,L25,AUTHOR_FUTURE_WORK,§IV Conclusion; §III,attack synchronization·communication delay·countermeasure 후속; 실험은 ElGamal/2-axis,PARTIAL_FOLLOWUP_CONFIRMED,L26 후속 방어 abstract 확인; 정확한 remaining attacks/latency 전문 확인 필요,M25,2026-10-02,L26,NO_AUTOMATIC_INFERENCE
U23,L28,AUTHOR_LIMITATION,§5 Conclusion and Limitations,haptic feedback·expert data relabeling 부재; mobile/전체 DoF 확장 과제,UNKNOWN,haptic 부재는 보안 gap 증거가 아니라 task 의존 관측 한계,M26,2026-10-02,,NO_AUTOMATIC_INFERENCE
U24,L29,AUTHOR_LIMITATION,§VI Limitations and Discussion,headset hand pose detector 정확도에 의존; 가림/잘못된 finger pose가 gesture 조작 저해,UNKNOWN,원인별 입력 상태·gripper intent 관계 측정,"M1,M27,M28",2026-10-02,,NO_AUTOMATIC_INFERENCE
U25,I03,INTERNAL_LIMITATION,F2 §3–5,5 ms window 1/18 leak; +30 ms 증거 6 dangerous pass와 6 false block; +80 ms 100% 정상 차단,OPEN_IN_TESTED_SCOPE,collector 판정 µs보다 원천/전달 지연과 policy boundary가 핵심,"M20,M40",2026-10-02,,NO_AUTOMATIC_INFERENCE
U26,I04,INTERNAL_LIMITATION,F3 Interpretation 2–4,추가 gate 차단 0; 35 mm target jump 물리 효과 singularity halt 교란; 1 real app·remote driver,OPEN_IN_TESTED_SCOPE,다른 실제 경로 또는 종단간 stop/resume 계약으로 평가 범위 명시,"M2,M3,M5,M39",2026-10-02,,NO_AUTOMATIC_INFERENCE
U27,I05,INTERNAL_DESIGN_LIMIT,R1–R5,제어 권한·binding·시간 출처·privilege·bypass 모두 요건; token은 command derivation 자체를 증명 안 함,NOT_IMPLEMENTED,권한 인증 하나만으로 S2 방어라 주장하지 않음,"M17,M18,M19,M35",2026-10-02,,NO_AUTOMATIC_INFERENCE
U28,I06,INTERNAL_AUDIT_LIMIT,App table; Consequences,감사한 경로의 S/G/P/R 연결 제한; clock domain 차이는 변환 가능성까지 배제하는 불가능성 증명 아님,OPEN_IN_AUDITED_SCOPE,앱·중간 hop 수정 허용 시 연결 확보 비용을 측정,"M12,M17,M33",2026-10-02,,NO_AUTOMATIC_INFERENCE
U29,I01,INTERNAL_SCOPE,M6; §3,epoch gate에서도 1/3 trial에 경계 command 1건 누출; 실제 headset recenter 미검증,OPEN_IN_TESTED_SCOPE,공식 효력 시각·경계 포함 분모로 다시 채점,"M6,M40",2026-10-02,,NO_AUTOMATIC_INFERENCE
U30,L26,NOT_EXTRACTED,Author abstract only,후속 방어가 존재하지만 저자 limitation 전문은 아직 추출하지 않음,UNKNOWN,해결됐다고도 새 gap이라고도 단정하지 말고 전문 확보,M25,2026-10-02,,NO_AUTOMATIC_INFERENCE
U31,L34,NOT_EXTRACTED,Publisher excerpt; full text 429,공통 middleware 선행 후보; 저자 limitation·공격자·종단간 보장은 미확인,UNKNOWN,본문 원문·artifact·baseline 대조 우선,"M37,M39",2026-10-02,,NO_AUTOMATIC_INFERENCE
U32,L23,REVIEWER_SCOPE,Conference abstract,tag+gate 아이디어의 선행 관계는 확인; XR sensor truth/physical enforcement 평가 근거로 쓰지 않음,NOT_APPLICABLE_TO_CLAIM,본 연구가 추가하는 보장·경계·실증을 명확히 비교,"M17,M39",2026-10-02,,NO_AUTOMATIC_INFERENCE
U33,L30,AUTHOR_OBSERVATION_AND_FUTURE,§3.2 Safety Guidelines; §4 Future Work,운용 중 양쪽 버튼 coordinate alignment와 custom 기능 우선순위 충돌; 시작 전 정렬 권고·더 robust button priority 후속,UNKNOWN,recenter·mode·permission 통합 전환 질문의 직접 사례; 해법 부재는 아님,"M4,M6,M11,M39",2026-10-02,,NO_AUTOMATIC_INFERENCE
U34,L08,AUTHOR_ASSUMPTION,§5.1 RISK-MAP Step 4; §5.2,집계 coverage는 방어들의 독립 작용 가정; platform 평가는 공개 자료 기반,UNKNOWN,같은 runtime/센서에 의존하는 방어를 독립으로 세지 않고 실제 실행 근거로 기록,"M17,M18,M39",2026-10-02,,NO_AUTOMATIC_INFERENCE
U35,L36,AUTHOR_SCOPE_AND_LIMITATION,§3.3.1; §3.4; §5.2,process-level 흐름 통제는 앱 내부 변환의 실제 정확성을 추적하지 않음; runtime kernel 보호 추가 방법은 future; trusted filter 비용 별도,UNKNOWN,정보 경로 강제와 command derivation 진실성을 구분; Privaros를 강한 mediation baseline에 포함,"M17,M19,M30,M37",2026-10-02,,NO_AUTOMATIC_INFERENCE
U36,I01,INTERNAL_AUDIT_LIMIT,M7; M6 spatial scope,stamped tf 조회는 기존 기능이지만 해당 consumer의 실제 오차와 static cache 전환 효과는 측정하지 않음,NOT_EXECUTED,필드·API 제공과 실제 버전의 소비 동작을 분리해 시험,"M7,M29",2026-10-02,,NO_AUTOMATIC_INFERENCE
U37,I01,INTERNAL_AUDIT_LIMIT,M8; R0 scope,frame-topic 불일치는 탐지 가능하지만 frame을 맞춘 device swap은 그 필드만으로 판정 불가,OPEN_IN_AUDITED_SCOPE,fresh object root fix와 독립 device binding 문제를 별도 채점,M8,2026-10-02,,NO_AUTOMATIC_INFERENCE
U38,I01,INTERNAL_AUDIT_LIMIT,M9; M10,head fallback과 per-arm fan-out은 code 근거이며 물리 효과·수정 후 정상 task 성능은 미실행,NOT_EXECUTED,강한 app/node fix를 적용하고 normal control을 함께 측정,"M9,M10",2026-10-02,,NO_AUTOMATIC_INFERENCE
U39,I01,INTERNAL_SCOPE,M14; previous authority reference,이전 authority class 결과는 계승; 새 multi-user XR의 identity/approval 운용은 검증하지 않음,NOT_EXECUTED,UUID/lease 기존 해법 유지; 구체적 새 경로가 확인될 때 재개,M14,2026-10-02,,NO_AUTOMATIC_INFERENCE
U40,L05,REVIEWER_SCOPE,DDS authentication/access-control/cryptography goals,hop 인증은 정상 권한 주체의 내용 진실성·물리 중단·network DoS를 자동 해결하지 않음,NOT_APPLICABLE_TO_CONTENT_TRUTH,TLS/SROS2 활성 hop과 XR 외부 hop을 분리 기록,M15,2026-10-02,,NO_AUTOMATIC_INFERENCE
U41,L07,REVIEWER_SCOPE,§7 privacy defenses; seed traffic-analysis leads,content encryption과 metadata privacy는 구분; teleop task inference 경쟁 논문의 상세 방어·지연은 이번 미확인,NOT_EXTRACTED,seed의 직접 robot traffic papers 전문을 읽고 latency/utility 비교,M32,2026-10-02,,NO_AUTOMATIC_INFERENCE
U42,L32,REVIEWER_SCOPE,Official repository index; calibration evidence boundary,tf/동기화 기능만으로 공간 보정 값이 물리적으로 정확한지 독립 검증한 것은 아님,NOT_EXECUTED,fiducial/sensor 기준과 calibration/SLAM 선행을 추가,M38,2026-10-02,,NO_AUTOMATIC_INFERENCE
U43,I01,INTERNAL_AUDIT_LIMIT,M11–M12; queue/reconnect scope,freshness/epoch/QoS 방법은 알려져 있지만 restart 뒤 pending controller 목표까지 함께 정리됐는지 미검증,NOT_EXECUTED,queue drop과 executing-goal 취소·hold를 별도 관측,M36,2026-10-02,,NO_AUTOMATIC_INFERENCE
