id,case_id,case_title,defense_id,expressibility,implemented_in_target,execution_evidence,evidence_available,source_trust,enforcement,cost,verdict,source_ids,limitations,next_check
X001,M1,추적되지 않는 pose의 로봇 구동,D02,CONDITIONAL_ON_EVIDENCE,NOT_ESTABLISHED_BY_THIS_PAIR,PRIOR_REPORTED_RUN_OR_SCOPE_ONLY,sample별 valid/tracked·원천 신뢰,runtime/collector/gate/consumer 신뢰를 각각 검증; S2에서 app evidence 자기보고는 신뢰하지 않음,집행 hop와 우회 경로를 candidate별 확인,NOT_MEASURED_FOR_THIS_PAIR,EXISTING_METHOD_SUFFICIENT_IN_REPORTED_SCOPE,"L02,L29,I01,I02",U24,실제 runtime 가림·복구 경로와 정상 정지 손을 분리 재현
X002,M1,추적되지 않는 pose의 로봇 구동,D03,CONDITIONAL_ON_EVIDENCE,NOT_ESTABLISHED_BY_THIS_PAIR,PRIOR_REPORTED_RUN_OR_SCOPE_ONLY,sample별 valid/tracked·원천 신뢰,runtime/collector/gate/consumer 신뢰를 각각 검증; S2에서 app evidence 자기보고는 신뢰하지 않음,집행 hop와 우회 경로를 candidate별 확인,NOT_MEASURED_FOR_THIS_PAIR,COMPARISON_TO_VERIFY,"L02,L29,I01,I02",U24,실제 runtime 가림·복구 경로와 정상 정지 손을 분리 재현
X003,M2,focus 상실 중 fresh-stamped 고정 pose,D02,CONDITIONAL_ON_EVIDENCE,NOT_ESTABLISHED_BY_THIS_PAIR,NOT_EXECUTED_IN_THIS_REVIEW,focus/action·cache/sample time,baseline의 신뢰 경계·hop별 공격권한을 명시; 물리 고장과 공격 구분,집행 hop와 우회 경로를 candidate별 확인,NOT_MEASURED_FOR_THIS_PAIR,UNTESTED_PAIR,"L01,I01,I02,I04",U26,계속 명령을 내는 실제 앱/런타임 경로 확보 후 평가
X004,M2,focus 상실 중 fresh-stamped 고정 pose,D08,CONDITIONAL_ON_EVIDENCE,NOT_ESTABLISHED_BY_THIS_PAIR,I04_6_TRIALS_REMOTE_DRIVER,focus/action·cache/sample time,baseline의 신뢰 경계·hop별 공격권한을 명시; 물리 고장과 공격 구분,집행 hop와 우회 경로를 candidate별 확인,NOT_MEASURED_FOR_THIS_PAIR,F3_INCREMENTAL_BLOCK_ZERO,"L01,I01,I02,I04",U26,계속 명령을 내는 실제 앱/런타임 경로 확보 후 평가
X005,M3,grip 해제 뒤 잔여 이동,D05,CONDITIONAL_ON_EVIDENCE,NOT_ESTABLISHED_BY_THIS_PAIR,PRIOR_REPORTED_RUN_OR_SCOPE_ONLY,release 시각·consumer/EE trace,baseline의 신뢰 경계·hop별 공격권한을 명시; 물리 고장과 공격 구분,집행 hop와 우회 경로를 candidate별 확인,NOT_MEASURED_FOR_THIS_PAIR,EXISTING_METHOD_SUFFICIENT_IN_REPORTED_SCOPE,"L31,L21,I01,I02","U18,U19,U26",singularity 없는 자세·하중별 범위로 controller baseline 재검증
X006,M3,grip 해제 뒤 잔여 이동,D06,CONDITIONAL_ON_EVIDENCE,NOT_ESTABLISHED_BY_THIS_PAIR,I11_36_TRIALS_REMOTE_DRIVER; I17_12_TRIALS_ORDERING; I19_6_TRIALS_DISTANT_LATE,release 시각·consumer/EE trace,baseline의 신뢰 경계·hop별 공격권한을 명시; 물리 고장과 공격 구분,집행 hop와 우회 경로를 candidate별 확인,Servo pause + JTC hold/decel message; external evidence; ordering: topic_tools mux exclusive writer + Servo remap + select call (5-11 ms),EXISTING_METHOD_SUFFICIENT_IN_REPORTED_SCOPE,"L31,L21,I01,I02,I11,I17,I19,I22","U18,U19,U26,U57,U58,U65,U67,U69",other poses/accel limits; action interface for native decel; controller-topic write permission; mux re-arm
X007,M4,비활성 중 해제된 deadman의 눌림 캐시,D02,CONDITIONAL_ON_EVIDENCE,NOT_ESTABLISHED_BY_THIS_PAIR,PRIOR_REPORTED_RUN_OR_SCOPE_ONLY,action cause·level/edge·permission epoch,baseline의 신뢰 경계·hop별 공격권한을 명시; 물리 고장과 공격 구분,집행 hop와 우회 경로를 candidate별 확인,NOT_MEASURED_FOR_THIS_PAIR,EXISTING_METHOD_SUFFICIENT_IN_REPORTED_SCOPE,"L01,I01,I02",U33,실제 ALVR/Quest 전제와 원인별 re-arm 오차단 확인
X008,M4,비활성 중 해제된 deadman의 눌림 캐시,D05,CONDITIONAL_ON_EVIDENCE,NOT_ESTABLISHED_BY_THIS_PAIR,PRIOR_REPORTED_RUN_OR_SCOPE_ONLY,action cause·level/edge·permission epoch,baseline의 신뢰 경계·hop별 공격권한을 명시; 물리 고장과 공격 구분,집행 hop와 우회 경로를 candidate별 확인,NOT_MEASURED_FOR_THIS_PAIR,COMPARISON_TO_VERIFY,"L01,I01,I02",U33,실제 ALVR/Quest 전제와 원인별 re-arm 오차단 확인
X009,M4,비활성 중 해제된 deadman의 눌림 캐시,D08,CONDITIONAL_ON_EVIDENCE,NOT_ESTABLISHED_BY_THIS_PAIR,PRIOR_REPORTED_RUN_OR_SCOPE_ONLY,action cause·level/edge·permission epoch,baseline의 신뢰 경계·hop별 공격권한을 명시; 물리 고장과 공격 구분,집행 hop와 우회 경로를 candidate별 확인,NOT_MEASURED_FOR_THIS_PAIR,COMPARISON_TO_VERIFY,"L01,I01,I02",U33,실제 ALVR/Quest 전제와 원인별 re-arm 오차단 확인
X010,M5,오래된 anchor로 재개,D05,CONDITIONAL_ON_EVIDENCE,NOT_ESTABLISHED_BY_THIS_PAIR,PRIOR_REPORTED_RUN_OR_SCOPE_ONLY,현재 pose/EE·anchor·permission epoch,baseline의 신뢰 경계·hop별 공격권한을 명시; 물리 고장과 공격 구분,집행 hop와 우회 경로를 candidate별 확인,NOT_MEASURED_FOR_THIS_PAIR,EXISTING_METHOD_SUFFICIENT_IN_REPORTED_SCOPE,"L30,I01,I04",U26,기존 re-anchor+fresh press를 강한 baseline으로 두고 종단간 확인
X011,M6,recenter의 효력 구간 혼합,D02,CONDITIONAL_ON_EVIDENCE,NOT_ESTABLISHED_BY_THIS_PAIR,PRIOR_REPORTED_RUN_OR_SCOPE_ONLY,event·changeTime·transform/anchor epoch,baseline의 신뢰 경계·hop별 공격권한을 명시; 물리 고장과 공격 구분,집행 hop와 우회 경로를 candidate별 확인,NOT_MEASURED_FOR_THIS_PAIR,EXISTING_METHOD_SUFFICIENT_IN_REPORTED_SCOPE,"L03,I01,I02","U29,U33",경계 포함 채점; 실제 원점 이벤트·정상 빠른 움직임 대조
X012,M6,recenter의 효력 구간 혼합,D05,CONDITIONAL_ON_EVIDENCE,NOT_ESTABLISHED_BY_THIS_PAIR,PRIOR_REPORTED_RUN_OR_SCOPE_ONLY,event·changeTime·transform/anchor epoch,baseline의 신뢰 경계·hop별 공격권한을 명시; 물리 고장과 공격 구분,집행 hop와 우회 경로를 candidate별 확인,NOT_MEASURED_FOR_THIS_PAIR,COMPARISON_TO_VERIFY,"L03,I01,I02","U29,U33",경계 포함 채점; 실제 원점 이벤트·정상 빠른 움직임 대조
X013,M7,오래된 입력과 latest tf 사용,D02,CONDITIONAL_ON_EVIDENCE,NOT_ESTABLISHED_BY_THIS_PAIR,I16_36_TRIALS_CONFIGURED_FRAME,sample stamp·tf history,baseline의 신뢰 경계·hop별 공격권한을 명시; 물리 고장과 공격 구분,집행 hop와 우회 경로를 candidate별 확인,NOT_MEASURED_FOR_THIS_PAIR,KNOWN_BASELINE,"L32,I01,I16","U36,U63,U64",age check alone does not align tf time; combine with D07 (X014)
X014,M7,오래된 입력과 latest tf 사용,D07,CONDITIONAL_ON_EVIDENCE,EXECUTED_AS_CONVERTER_ARMS_L_S_R,I16_36_TRIALS_CONFIGURED_FRAME; I19_18_TRIALS_ADMITTED_DELAY,sample stamp·tf history,baseline의 신뢰 경계·hop별 공격권한을 명시; 물리 고장과 공격 구분,집행 hop와 우회 경로를 candidate별 확인,typed RepresentedPose (represented_at) + time-indexed lookup; tf wait <=0.2 ms (20 ms p95 for S under restamp),EXISTING_METHOD_SUFFICIENT_IN_REPORTED_SCOPE,"L32,I01,I16,I19","U36,U63,U64,U66",semantics declaration per task; admitted-delay case
X015,M8,왼손 topic에 오른손 메시지 내용,D02,CONDITIONAL_ON_EVIDENCE,NOT_ESTABLISHED_BY_THIS_PAIR,NOT_EXECUTED_IN_THIS_REVIEW,원천 device id·immutable payload,runtime/collector/gate/consumer 신뢰를 각각 검증; S2에서 app evidence 자기보고는 신뢰하지 않음,집행 hop와 우회 경로를 candidate별 확인,NOT_MEASURED_FOR_THIS_PAIR,PRINCIPLE_OR_CODE_ONLY,"I01,I02",U37,root fix 및 frame만 맞춘 swap 공격을 별도 비교
X016,M8,왼손 topic에 오른손 메시지 내용,D07,CONDITIONAL_ON_EVIDENCE,NOT_ESTABLISHED_BY_THIS_PAIR,NOT_EXECUTED_IN_THIS_REVIEW,원천 device id·immutable payload,runtime/collector/gate/consumer 신뢰를 각각 검증; S2에서 app evidence 자기보고는 신뢰하지 않음,집행 hop와 우회 경로를 candidate별 확인,NOT_MEASURED_FOR_THIS_PAIR,PRINCIPLE_OR_CODE_ONLY,"I01,I02",U37,root fix 및 frame만 맞춘 swap 공격을 별도 비교
X017,M9,controller 부재 시 head pose 대체,D02,CONDITIONAL_ON_EVIDENCE,NOT_ESTABLISHED_BY_THIS_PAIR,NOT_EXECUTED_IN_THIS_REVIEW,pose-source identity·fallback policy,baseline의 신뢰 경계·hop별 공격권한을 명시; 물리 고장과 공격 구분,집행 hop와 우회 경로를 candidate별 확인,NOT_MEASURED_FOR_THIS_PAIR,PRINCIPLE_OR_CODE_ONLY,I01,U38,hand loss 뒤 head move와 명시적 fallback 정상 모드 비교
X018,M9,controller 부재 시 head pose 대체,D05,CONDITIONAL_ON_EVIDENCE,NOT_ESTABLISHED_BY_THIS_PAIR,NOT_EXECUTED_IN_THIS_REVIEW,pose-source identity·fallback policy,baseline의 신뢰 경계·hop별 공격권한을 명시; 물리 고장과 공격 구분,집행 hop와 우회 경로를 candidate별 확인,NOT_MEASURED_FOR_THIS_PAIR,PRINCIPLE_OR_CODE_ONLY,I01,U38,hand loss 뒤 head move와 명시적 fallback 정상 모드 비교
X019,M10,양팔 rate / override fan-out,D02,CONDITIONAL_ON_EVIDENCE,NOT_ESTABLISHED_BY_THIS_PAIR,NOT_EXECUTED_IN_THIS_REVIEW,arm id·scope·atomic sample set,baseline의 신뢰 경계·hop별 공격권한을 명시; 물리 고장과 공격 구분,집행 hop와 우회 경로를 candidate별 확인,NOT_MEASURED_FOR_THIS_PAIR,PRINCIPLE_OR_CODE_ONLY,"L18,I01",U38,한쪽 변경 시 다른 arm 불변성·동시 정상 입력 확인
X020,M10,양팔 rate / override fan-out,D09,CONDITIONAL_ON_EVIDENCE,NOT_ESTABLISHED_BY_THIS_PAIR,NOT_EXECUTED_IN_THIS_REVIEW,arm id·scope·atomic sample set,baseline의 신뢰 경계·hop별 공격권한을 명시; 물리 고장과 공격 구분,집행 hop와 우회 경로를 candidate별 확인,NOT_MEASURED_FOR_THIS_PAIR,PRINCIPLE_OR_CODE_ONLY,"L18,I01",U38,한쪽 변경 시 다른 arm 불변성·동시 정상 입력 확인
X021,M11,latched override의 deadman 우회,D01,CONDITIONAL_ON_EVIDENCE,NOT_ESTABLISHED_BY_THIS_PAIR,NOT_EXECUTED_IN_THIS_REVIEW,source identity·mode·permission·lease,baseline의 신뢰 경계·hop별 공격권한을 명시; 물리 고장과 공격 구분,집행 hop와 우회 경로를 candidate별 확인,NOT_MEASURED_FOR_THIS_PAIR,PRINCIPLE_OR_CODE_ONLY,"L05,L18,I01",U33,사용자 선언한 scripted motion 허용 정책부터 고정
X022,M11,latched override의 deadman 우회,D02,CONDITIONAL_ON_EVIDENCE,NOT_ESTABLISHED_BY_THIS_PAIR,NOT_EXECUTED_IN_THIS_REVIEW,source identity·mode·permission·lease,baseline의 신뢰 경계·hop별 공격권한을 명시; 물리 고장과 공격 구분,집행 hop와 우회 경로를 candidate별 확인,NOT_MEASURED_FOR_THIS_PAIR,PRINCIPLE_OR_CODE_ONLY,"L05,L18,I01",U33,사용자 선언한 scripted motion 허용 정책부터 고정
X023,M11,latched override의 deadman 우회,D09,CONDITIONAL_ON_EVIDENCE,NOT_ESTABLISHED_BY_THIS_PAIR,NOT_EXECUTED_IN_THIS_REVIEW,source identity·mode·permission·lease,baseline의 신뢰 경계·hop별 공격권한을 명시; 물리 고장과 공격 구분,집행 hop와 우회 경로를 candidate별 확인,NOT_MEASURED_FOR_THIS_PAIR,PRINCIPLE_OR_CODE_ONLY,"L05,L18,I01",U33,사용자 선언한 scripted motion 허용 정책부터 고정
X024,M12,묵은 값에 새 stamp 부여,D02,CONDITIONAL_ON_EVIDENCE,EXECUTED_AS_APP_COPY_A2,I12_72_PLUS_6_TRIALS_REMOTE_DRIVER,S/G/P/R·clock map·sequence,runtime/collector/gate/consumer 신뢰를 각각 검증; S2에서 app evidence 자기보고는 신뢰하지 않음,집행 hop와 우회 경로를 candidate별 확인,app +6 lines; gate; schema field preserved by republishers,EXISTING_METHOD_SUFFICIENT_IN_REPORTED_SCOPE,"L19,I03,I06,I12","U28,U55,U56",scopes: M12A done (R13); source stall -> M12B (X101); receiver hop -> M12C (X102); S2 -> M12D; headset -> M12E
X025,M12,묵은 값에 새 stamp 부여,D03,CONDITIONAL_ON_EVIDENCE,NOT_ESTABLISHED_BY_THIS_PAIR,NOT_EXECUTED_IN_THIS_REVIEW,S/G/P/R·clock map·sequence,runtime/collector/gate/consumer 신뢰를 각각 검증; S2에서 app evidence 자기보고는 신뢰하지 않음,집행 hop와 우회 경로를 candidate별 확인,NOT_MEASURED_FOR_THIS_PAIR,UNTESTED_PAIR,"L19,I03,I06",U28,실제 한 앱의 sample·command 연결 측정; 수정 수용 조건 구분
X026,M13,monitor / gate 고장,D06,CONDITIONAL_ON_EVIDENCE,NOT_ESTABLISHED_BY_THIS_PAIR,NOT_EXECUTED_IN_THIS_REVIEW,heartbeat·deadline·controller state,baseline의 신뢰 경계·hop별 공격권한을 명시; 물리 고장과 공격 구분,집행 hop와 우회 경로를 candidate별 확인,NOT_MEASURED_FOR_THIS_PAIR,PRINCIPLE_OR_CODE_ONLY,"L21,L22,I01","U15,U19,U20",consumer 직접 우회·restart·물리 hold를 결합 확인
X027,M13,monitor / gate 고장,D14,CONDITIONAL_ON_EVIDENCE,NOT_ESTABLISHED_BY_THIS_PAIR,NOT_EXECUTED_IN_THIS_REVIEW,heartbeat·deadline·controller state,baseline의 신뢰 경계·hop별 공격권한을 명시; 물리 고장과 공격 구분,집행 hop와 우회 경로를 candidate별 확인,NOT_MEASURED_FOR_THIS_PAIR,PRINCIPLE_OR_CODE_ONLY,"L21,L22,I01","U15,U19,U20",consumer 직접 우회·restart·물리 hold를 결합 확인
X028,M14,lease / authority 전환,D01,CONDITIONAL_ON_EVIDENCE,NOT_ESTABLISHED_BY_THIS_PAIR,NOT_EXECUTED_IN_THIS_REVIEW,owner·lease epoch·goal UUID,baseline의 신뢰 경계·hop별 공격권한을 명시; 물리 고장과 공격 구분,집행 hop와 우회 경로를 candidate별 확인,NOT_MEASURED_FOR_THIS_PAIR,PRINCIPLE_OR_CODE_ONLY,"L04,L05,I01",U39,새 multi-user 경로의 구체적 반례가 있을 때만 재개
X029,M14,lease / authority 전환,D02,CONDITIONAL_ON_EVIDENCE,NOT_ESTABLISHED_BY_THIS_PAIR,NOT_EXECUTED_IN_THIS_REVIEW,owner·lease epoch·goal UUID,baseline의 신뢰 경계·hop별 공격권한을 명시; 물리 고장과 공격 구분,집행 hop와 우회 경로를 candidate별 확인,NOT_MEASURED_FOR_THIS_PAIR,PRINCIPLE_OR_CODE_ONLY,"L04,L05,I01",U39,새 multi-user 경로의 구체적 반례가 있을 때만 재개
X030,M14,lease / authority 전환,D06,CONDITIONAL_ON_EVIDENCE,NOT_ESTABLISHED_BY_THIS_PAIR,NOT_EXECUTED_IN_THIS_REVIEW,owner·lease epoch·goal UUID,baseline의 신뢰 경계·hop별 공격권한을 명시; 물리 고장과 공격 구분,집행 hop와 우회 경로를 candidate별 확인,NOT_MEASURED_FOR_THIS_PAIR,PRINCIPLE_OR_CODE_ONLY,"L04,L05,I01",U39,새 multi-user 경로의 구체적 반례가 있을 때만 재개
X031,M15,인증 없는 XR bridge,D01,IN_SCOPE_HOP_AUTH,NOT_ESTABLISHED_BY_THIS_PAIR,NOT_EXECUTED_IN_THIS_REVIEW,credentials·hop inventory,baseline의 신뢰 경계·hop별 공격권한을 명시; 물리 고장과 공격 구분,집행 hop와 우회 경로를 candidate별 확인,NOT_MEASURED_FOR_THIS_PAIR,KNOWN_BASELINE,"L05,I01",U40,모든 hop의 활성 security config와 residual DoS 확인
X032,M16,DDS 권한·발견 구현의 우회,D01,CONDITIONAL_ON_EVIDENCE,NOT_ESTABLISHED_BY_THIS_PAIR,NOT_EXECUTED_IN_THIS_REVIEW,정확한 ROS/RMW/DDS 버전·permissions,baseline의 신뢰 경계·hop별 공격권한을 명시; 물리 고장과 공격 구분,집행 hop와 우회 경로를 candidate별 확인,NOT_MEASURED_FOR_THIS_PAIR,PRINCIPLE_OR_CODE_ONLY,"L16,L17","U01,U12,U13",vendor advisory·patch commit 대조 후 isolated regression
X033,M16,DDS 권한·발견 구현의 우회,D14,CONDITIONAL_ON_EVIDENCE,NOT_ESTABLISHED_BY_THIS_PAIR,NOT_EXECUTED_IN_THIS_REVIEW,정확한 ROS/RMW/DDS 버전·permissions,baseline의 신뢰 경계·hop별 공격권한을 명시; 물리 고장과 공격 구분,집행 hop와 우회 경로를 candidate별 확인,NOT_MEASURED_FOR_THIS_PAIR,PRINCIPLE_OR_CODE_ONLY,"L16,L17","U01,U12,U13",vendor advisory·patch commit 대조 후 isolated regression
X034,M17,정상 키 앱의 pose·stamp·상태 공동 위조,D01,OUTSIDE_CONTENT_TRUTH_GOAL,NOT_ESTABLISHED_BY_THIS_PAIR,NOT_EXECUTED_IN_THIS_REVIEW,trusted sample-to-command relation,runtime/collector/gate/consumer 신뢰를 각각 검증; S2에서 app evidence 자기보고는 신뢰하지 않음,집행 hop와 우회 경로를 candidate별 확인,NOT_MEASURED_FOR_THIS_PAIR,OUT_OF_SCOPE_FOR_THIS_PROPERTY,"L18,I05,I06,I22,I23","U17,U27,U28,U32,U34,U35","authentication fixes who writes, not truth (R29/R30)"
X035,M17,정상 키 앱의 pose·stamp·상태 공동 위조,D02,CONDITIONAL_ON_EVIDENCE,EXECUTED_AS_AP_GATE,I23_12_TRIALS_SYNTHETIC,trusted sample-to-command relation,runtime/collector/gate/consumer 신뢰를 각각 검증; S2에서 app evidence 자기보고는 신뢰하지 않음,집행 hop와 우회 경로를 candidate별 확인,NOT_MEASURED_FOR_THIS_PAIR,BASELINE_INSUFFICIENT_UNDER_DECLARED_ATTACKER,"L18,I05,I06,I23","U17,U27,U28,U32,U34,U35,U70",independent verification required (X103)
X036,M17,정상 키 앱의 pose·stamp·상태 공동 위조,D08,CONDITIONAL_ON_EVIDENCE,NOT_ESTABLISHED_BY_THIS_PAIR,NOT_EXECUTED_IN_THIS_REVIEW,trusted sample-to-command relation,runtime/collector/gate/consumer 신뢰를 각각 검증; S2에서 app evidence 자기보고는 신뢰하지 않음,집행 hop와 우회 경로를 candidate별 확인,NOT_MEASURED_FOR_THIS_PAIR,UNTESTED_PAIR,"L18,I05,I06","U17,U27,U28,U32,U34,U35",최소 trusted mapper/independent sensor baseline과 반례 설계
X037,M18,runtime 제어 권한·client identity 사칭,D01,CONDITIONAL_ON_EVIDENCE,NOT_ESTABLISHED_BY_THIS_PAIR,NOT_EXECUTED_IN_THIS_REVIEW,kernel peer credentials·admin authority,runtime/collector/gate/consumer 신뢰를 각각 검증; S2에서 app evidence 자기보고는 신뢰하지 않음,집행 hop와 우회 경로를 candidate별 확인,NOT_MEASURED_FOR_THIS_PAIR,UNTESTED_PAIR,"L04,I05,I20","U14,U27,U34",kernel peer identity not used by Monado 045931d (A04)
X038,M18,runtime 제어 권한·client identity 사칭,D08,CONDITIONAL_ON_EVIDENCE,NOT_ESTABLISHED_BY_THIS_PAIR,NOT_EXECUTED_IN_THIS_REVIEW,kernel peer credentials·admin authority,runtime/collector/gate/consumer 신뢰를 각각 검증; S2에서 app evidence 자기보고는 신뢰하지 않음,집행 hop와 우회 경로를 candidate별 확인,NOT_MEASURED_FOR_THIS_PAIR,UNTESTED_PAIR,"L04,I05,I20","U14,U27,U34,U68",runtime evidence forgeable via shared unauthenticated IPC (A04); needs I05 R1/R2
X039,M18,runtime 제어 권한·client identity 사칭,D14,CONDITIONAL_ON_EVIDENCE,NOT_ESTABLISHED_BY_THIS_PAIR,NOT_EXECUTED_IN_THIS_REVIEW,kernel peer credentials·admin authority,runtime/collector/gate/consumer 신뢰를 각각 검증; S2에서 app evidence 자기보고는 신뢰하지 않음,집행 hop와 우회 경로를 candidate별 확인,NOT_MEASURED_FOR_THIS_PAIR,UNTESTED_PAIR,"L04,I05","U14,U27,U34",observe/control 분리 및 authenticated binding 비용 pilot
X040,M19,gate를 건너뛴 controller 직접 접근,D01,CONDITIONAL_ON_EVIDENCE,EXECUTED_SROS2_RESTRICTED_APP_ENCLAVE,I22_18_TRIALS_MOCK_CONTROLLER,topic/service/action/driver reachability,runtime/collector/gate/consumer 신뢰를 각각 검증; S2에서 app evidence 자기보고는 신뢰하지 않음,집행 hop와 우회 경로를 candidate별 확인,"policy file, enclave keys, per-process uids, UDP transport for cross-uid",EXISTING_METHOD_SUFFICIENT_IN_REPORTED_SCOPE,"L05,L18,I05,I22","U01,U12,U14,U16,U27,U35,U69","actions, services, parameters, IPC"
X041,M19,gate를 건너뛴 controller 직접 접근,D14,CONDITIONAL_ON_EVIDENCE,NOT_ESTABLISHED_BY_THIS_PAIR,NOT_EXECUTED_IN_THIS_REVIEW,topic/service/action/driver reachability,runtime/collector/gate/consumer 신뢰를 각각 검증; S2에서 app evidence 자기보고는 신뢰하지 않음,집행 hop와 우회 경로를 candidate별 확인,NOT_MEASURED_FOR_THIS_PAIR,PRINCIPLE_OR_CODE_ONLY,"L05,L18,I05,I19,I22","U01,U12,U14,U16,U27,U35",mux as single writer executed (R22/R25); combine with X040 permissions
X042,M20,증거·제어 경로 과부하 및 fail-closed DoS,D14,CONDITIONAL_ON_EVIDENCE,NOT_ESTABLISHED_BY_THIS_PAIR,NOT_EXECUTED_IN_THIS_REVIEW,queue·lag·health·physical reaction,runtime/collector/gate/consumer 신뢰를 각각 검증; S2에서 app evidence 자기보고는 신뢰하지 않음,집행 hop와 우회 경로를 candidate별 확인,NOT_MEASURED_FOR_THIS_PAIR,UNTESTED_PAIR,"L15,L17,L21,I03","U11,U13,U15,U18,U19,U25",같은 부하·freshness에서 queue/isolation baseline과 비교
X043,M20,증거·제어 경로 과부하 및 fail-closed DoS,D08,CONDITIONAL_ON_EVIDENCE,NOT_ESTABLISHED_BY_THIS_PAIR,NOT_EXECUTED_IN_THIS_REVIEW,queue·lag·health·physical reaction,runtime/collector/gate/consumer 신뢰를 각각 검증; S2에서 app evidence 자기보고는 신뢰하지 않음,집행 hop와 우회 경로를 candidate별 확인,NOT_MEASURED_FOR_THIS_PAIR,UNTESTED_PAIR,"L15,L17,L21,I03","U11,U13,U15,U18,U19,U25",같은 부하·freshness에서 queue/isolation baseline과 비교
X044,M20,증거·제어 경로 과부하 및 fail-closed DoS,D10,CONDITIONAL_ON_EVIDENCE,NOT_ESTABLISHED_BY_THIS_PAIR,NOT_EXECUTED_IN_THIS_REVIEW,queue·lag·health·physical reaction,runtime/collector/gate/consumer 신뢰를 각각 검증; S2에서 app evidence 자기보고는 신뢰하지 않음,집행 hop와 우회 경로를 candidate별 확인,NOT_MEASURED_FOR_THIS_PAIR,UNTESTED_PAIR,"L15,L17,L21,I03","U11,U13,U15,U18,U19,U25",같은 부하·freshness에서 queue/isolation baseline과 비교
X045,M21,다른 운영자의 승인·goal 취소 침범,D01,CONDITIONAL_ON_EVIDENCE,NOT_ESTABLISHED_BY_THIS_PAIR,NOT_EXECUTED_IN_THIS_REVIEW,authenticated operator·goal/approval binding,baseline의 신뢰 경계·hop별 공격권한을 명시; 물리 고장과 공격 구분,집행 hop와 우회 경로를 candidate별 확인,NOT_MEASURED_FOR_THIS_PAIR,PRINCIPLE_OR_CODE_ONLY,"L04,L10,I01",U04,정상 handoff와 타인 goal 취소를 별도 regression
X046,M21,다른 운영자의 승인·goal 취소 침범,D02,CONDITIONAL_ON_EVIDENCE,NOT_ESTABLISHED_BY_THIS_PAIR,NOT_EXECUTED_IN_THIS_REVIEW,authenticated operator·goal/approval binding,baseline의 신뢰 경계·hop별 공격권한을 명시; 물리 고장과 공격 구분,집행 hop와 우회 경로를 candidate별 확인,NOT_MEASURED_FOR_THIS_PAIR,PRINCIPLE_OR_CODE_ONLY,"L04,L10,I01",U04,정상 handoff와 타인 goal 취소를 별도 regression
X047,M21,다른 운영자의 승인·goal 취소 침범,D06,CONDITIONAL_ON_EVIDENCE,NOT_ESTABLISHED_BY_THIS_PAIR,NOT_EXECUTED_IN_THIS_REVIEW,authenticated operator·goal/approval binding,baseline의 신뢰 경계·hop별 공격권한을 명시; 물리 고장과 공격 구분,집행 hop와 우회 경로를 candidate별 확인,NOT_MEASURED_FOR_THIS_PAIR,PRINCIPLE_OR_CODE_ONLY,"L04,L10,I01",U04,정상 handoff와 타인 goal 취소를 별도 regression
X048,M22,본 장면의 target와 실행 target가 달라짐,D02,CONDITIONAL_ON_EVIDENCE,NOT_ESTABLISHED_BY_THIS_PAIR,NOT_EXECUTED_IN_THIS_REVIEW,scene version·object id·frame·display/selection provenance,runtime/collector/gate/consumer 신뢰를 각각 검증; S2에서 app evidence 자기보고는 신뢰하지 않음,집행 hop와 우회 경로를 candidate별 확인,NOT_MEASURED_FOR_THIS_PAIR,UNTESTED_PAIR,"L06,L27,L28",U02,목표 지정형 앱에서 scene version baseline 먼저 적용
X049,M22,본 장면의 target와 실행 target가 달라짐,D13,CONDITIONAL_ON_EVIDENCE,NOT_ESTABLISHED_BY_THIS_PAIR,NOT_EXECUTED_IN_THIS_REVIEW,scene version·object id·frame·display/selection provenance,runtime/collector/gate/consumer 신뢰를 각각 검증; S2에서 app evidence 자기보고는 신뢰하지 않음,집행 hop와 우회 경로를 candidate별 확인,NOT_MEASURED_FOR_THIS_PAIR,UNTESTED_PAIR,"L06,L27,L28",U02,목표 지정형 앱에서 scene version baseline 먼저 적용
X050,M23,XR overlay / synthetic cursor로 잘못 승인,D02,CONDITIONAL_ON_EVIDENCE,NOT_ESTABLISHED_BY_THIS_PAIR,NOT_EXECUTED_IN_THIS_REVIEW,trusted input event·render/target relation,runtime/collector/gate/consumer 신뢰를 각각 검증; S2에서 app evidence 자기보고는 신뢰하지 않음,집행 hop와 우회 경로를 candidate별 확인,NOT_MEASURED_FOR_THIS_PAIR,UNTESTED_PAIR,"L06,L10","U02,U04",비인간 테스트 UI→goal linkage; input-validation baseline 재현
X051,M23,XR overlay / synthetic cursor로 잘못 승인,D11,AUDIT_ONLY,NOT_ESTABLISHED_BY_THIS_PAIR,NOT_EXECUTED_IN_THIS_REVIEW,trusted input event·render/target relation,runtime/collector/gate/consumer 신뢰를 각각 검증; S2에서 app evidence 자기보고는 신뢰하지 않음,감사/알림,NOT_MEASURED_FOR_THIS_PAIR,NOT_REALTIME_ENFORCEMENT,"L06,L10","U02,U04",비인간 테스트 UI→goal linkage; input-validation baseline 재현
X052,M23,XR overlay / synthetic cursor로 잘못 승인,D13,CONDITIONAL_ON_EVIDENCE,NOT_ESTABLISHED_BY_THIS_PAIR,NOT_EXECUTED_IN_THIS_REVIEW,trusted input event·render/target relation,runtime/collector/gate/consumer 신뢰를 각각 검증; S2에서 app evidence 자기보고는 신뢰하지 않음,집행 hop와 우회 경로를 candidate별 확인,NOT_MEASURED_FOR_THIS_PAIR,UNTESTED_PAIR,"L06,L10","U02,U04",비인간 테스트 UI→goal linkage; input-validation baseline 재현
X053,M24,공간·chaperone 기만으로 operator motion 유도,D10,CONDITIONAL_ON_EVIDENCE,NOT_ESTABLISHED_BY_THIS_PAIR,NOT_EXECUTED_IN_THIS_REVIEW,independent spatial reference·trusted display,runtime/collector/gate/consumer 신뢰를 각각 검증; S2에서 app evidence 자기보고는 신뢰하지 않음,집행 hop와 우회 경로를 candidate별 확인,NOT_MEASURED_FOR_THIS_PAIR,UNTESTED_PAIR,"L06,L09",U02,권한·공격면 확인 후 화면 기만과 단순 좌표 forge 구분
X054,M24,공간·chaperone 기만으로 operator motion 유도,D11,AUDIT_ONLY,NOT_ESTABLISHED_BY_THIS_PAIR,NOT_EXECUTED_IN_THIS_REVIEW,independent spatial reference·trusted display,runtime/collector/gate/consumer 신뢰를 각각 검증; S2에서 app evidence 자기보고는 신뢰하지 않음,감사/알림,NOT_MEASURED_FOR_THIS_PAIR,NOT_REALTIME_ENFORCEMENT,"L06,L09",U02,권한·공격면 확인 후 화면 기만과 단순 좌표 forge 구분
X055,M24,공간·chaperone 기만으로 operator motion 유도,D13,CONDITIONAL_ON_EVIDENCE,NOT_ESTABLISHED_BY_THIS_PAIR,NOT_EXECUTED_IN_THIS_REVIEW,independent spatial reference·trusted display,runtime/collector/gate/consumer 신뢰를 각각 검증; S2에서 app evidence 자기보고는 신뢰하지 않음,집행 hop와 우회 경로를 candidate별 확인,NOT_MEASURED_FOR_THIS_PAIR,UNTESTED_PAIR,"L06,L09",U02,권한·공격면 확인 후 화면 기만과 단순 좌표 forge 구분
X056,M25,명령·feedback의 coordinated FDI,D01,OUTSIDE_CONTENT_TRUTH_GOAL,NOT_ESTABLISHED_BY_THIS_PAIR,NOT_EXECUTED_IN_THIS_REVIEW,uncompromised observable·crypto mode·model,runtime/collector/gate/consumer 신뢰를 각각 검증; S2에서 app evidence 자기보고는 신뢰하지 않음,집행 hop와 우회 경로를 candidate별 확인,NOT_MEASURED_FOR_THIS_PAIR,OUT_OF_SCOPE_FOR_THIS_PROPERTY,"L24,L25,L26","U21,U22,U30",2025 방어 전문 대조; 똑같은 관측·공격권한으로 비교
X057,M25,명령·feedback의 coordinated FDI,D13,CONDITIONAL_ON_EVIDENCE,NOT_ESTABLISHED_BY_THIS_PAIR,NOT_EXECUTED_IN_THIS_REVIEW,uncompromised observable·crypto mode·model,runtime/collector/gate/consumer 신뢰를 각각 검증; S2에서 app evidence 자기보고는 신뢰하지 않음,집행 hop와 우회 경로를 candidate별 확인,NOT_MEASURED_FOR_THIS_PAIR,UNTESTED_PAIR,"L24,L25,L26","U21,U22,U30",2025 방어 전문 대조; 똑같은 관측·공격권한으로 비교
X058,M26,haptic / force feedback의 누락·변형,D01,CONDITIONAL_ON_EVIDENCE,NOT_ESTABLISHED_BY_THIS_PAIR,NOT_EXECUTED_IN_THIS_REVIEW,force age/authenticity·task criterion,runtime/collector/gate/consumer 신뢰를 각각 검증; S2에서 app evidence 자기보고는 신뢰하지 않음,집행 hop와 우회 경로를 candidate별 확인,NOT_MEASURED_FOR_THIS_PAIR,UNTESTED_PAIR,"L07,L15,L28","U03,U23",촉각 의존 작업 정의·delay baseline·독립 force metric
X059,M26,haptic / force feedback의 누락·변형,D10,CONDITIONAL_ON_EVIDENCE,NOT_ESTABLISHED_BY_THIS_PAIR,NOT_EXECUTED_IN_THIS_REVIEW,force age/authenticity·task criterion,runtime/collector/gate/consumer 신뢰를 각각 검증; S2에서 app evidence 자기보고는 신뢰하지 않음,집행 hop와 우회 경로를 candidate별 확인,NOT_MEASURED_FOR_THIS_PAIR,UNTESTED_PAIR,"L07,L15,L28","U03,U23",촉각 의존 작업 정의·delay baseline·독립 force metric
X060,M26,haptic / force feedback의 누락·변형,D13,CONDITIONAL_ON_EVIDENCE,NOT_ESTABLISHED_BY_THIS_PAIR,NOT_EXECUTED_IN_THIS_REVIEW,force age/authenticity·task criterion,runtime/collector/gate/consumer 신뢰를 각각 검증; S2에서 app evidence 자기보고는 신뢰하지 않음,집행 hop와 우회 경로를 candidate별 확인,NOT_MEASURED_FOR_THIS_PAIR,UNTESTED_PAIR,"L07,L15,L28","U03,U23",촉각 의존 작업 정의·delay baseline·독립 force metric
X061,M27,물리 가림·방해로 정상 transition 유발,D02,CONDITIONAL_ON_EVIDENCE,NOT_ESTABLISHED_BY_THIS_PAIR,NOT_EXECUTED_IN_THIS_REVIEW,tracking cause·action/permission history,baseline의 신뢰 경계·hop별 공격권한을 명시; 물리 고장과 공격 구분,집행 hop와 우회 경로를 candidate별 확인,NOT_MEASURED_FOR_THIS_PAIR,UNTESTED_PAIR,"L15,L29","U11,U24",hardware 경로 확보 시 benign glitch와 intentional repeated interruption 비교
X062,M27,물리 가림·방해로 정상 transition 유발,D05,CONDITIONAL_ON_EVIDENCE,NOT_ESTABLISHED_BY_THIS_PAIR,NOT_EXECUTED_IN_THIS_REVIEW,tracking cause·action/permission history,baseline의 신뢰 경계·hop별 공격권한을 명시; 물리 고장과 공격 구분,집행 hop와 우회 경로를 candidate별 확인,NOT_MEASURED_FOR_THIS_PAIR,UNTESTED_PAIR,"L15,L29","U11,U24",hardware 경로 확보 시 benign glitch와 intentional repeated interruption 비교
X063,M27,물리 가림·방해로 정상 transition 유발,D14,CONDITIONAL_ON_EVIDENCE,NOT_ESTABLISHED_BY_THIS_PAIR,NOT_EXECUTED_IN_THIS_REVIEW,tracking cause·action/permission history,baseline의 신뢰 경계·hop별 공격권한을 명시; 물리 고장과 공격 구분,집행 hop와 우회 경로를 candidate별 확인,NOT_MEASURED_FOR_THIS_PAIR,UNTESTED_PAIR,"L15,L29","U11,U24",hardware 경로 확보 시 benign glitch와 intentional repeated interruption 비교
X064,M28,hand/controller/profile 교체 중 기준점 변경,D02,CONDITIONAL_ON_EVIDENCE,NOT_ESTABLISHED_BY_THIS_PAIR,NOT_EXECUTED_IN_THIS_REVIEW,profile event·device id·anchor version,baseline의 신뢰 경계·hop별 공격권한을 명시; 물리 고장과 공격 구분,집행 hop와 우회 경로를 candidate별 확인,NOT_MEASURED_FOR_THIS_PAIR,UNTESTED_PAIR,"L01,L29,I01",U24,정확한 spec event 확인→실제 구현 2개 코드→minimal transition
X065,M28,hand/controller/profile 교체 중 기준점 변경,D05,CONDITIONAL_ON_EVIDENCE,NOT_ESTABLISHED_BY_THIS_PAIR,NOT_EXECUTED_IN_THIS_REVIEW,profile event·device id·anchor version,baseline의 신뢰 경계·hop별 공격권한을 명시; 물리 고장과 공격 구분,집행 hop와 우회 경로를 candidate별 확인,NOT_MEASURED_FOR_THIS_PAIR,UNTESTED_PAIR,"L01,L29,I01",U24,정확한 spec event 확인→실제 구현 2개 코드→minimal transition
X066,M28,hand/controller/profile 교체 중 기준점 변경,D07,CONDITIONAL_ON_EVIDENCE,NOT_ESTABLISHED_BY_THIS_PAIR,NOT_EXECUTED_IN_THIS_REVIEW,profile event·device id·anchor version,baseline의 신뢰 경계·hop별 공격권한을 명시; 물리 고장과 공격 구분,집행 hop와 우회 경로를 candidate별 확인,NOT_MEASURED_FOR_THIS_PAIR,UNTESTED_PAIR,"L01,L29,I01",U24,정확한 spec event 확인→실제 구현 2개 코드→minimal transition
X067,M29,static tf / calibration 갱신과 cache의 엇갈림,D02,CONDITIONAL_ON_EVIDENCE,NOT_ESTABLISHED_BY_THIS_PAIR,NOT_EXECUTED_IN_THIS_REVIEW,tf publication/version·cache·effective time,baseline의 신뢰 경계·hop별 공격권한을 명시; 물리 고장과 공격 구분,집행 hop와 우회 경로를 candidate별 확인,NOT_MEASURED_FOR_THIS_PAIR,PRINCIPLE_OR_CODE_ONLY,"L03,L32,I01",U36,동적 tf·고정 tf·app anchor를 구분해 버전별 재현
X068,M29,static tf / calibration 갱신과 cache의 엇갈림,D07,CONDITIONAL_ON_EVIDENCE,NOT_ESTABLISHED_BY_THIS_PAIR,NOT_EXECUTED_IN_THIS_REVIEW,tf publication/version·cache·effective time,baseline의 신뢰 경계·hop별 공격권한을 명시; 물리 고장과 공격 구분,집행 hop와 우회 경로를 candidate별 확인,NOT_MEASURED_FOR_THIS_PAIR,PRINCIPLE_OR_CODE_ONLY,"L03,L32,I01",U36,동적 tf·고정 tf·app anchor를 구분해 버전별 재현
X069,M30,XR camera / mesh / 공간 데이터 과다 공유,D01,CONDITIONAL_ON_EVIDENCE,NOT_ESTABLISHED_BY_THIS_PAIR,NOT_EXECUTED_IN_THIS_REVIEW,field/API permissions·dataflow/purpose,runtime/collector/gate/consumer 신뢰를 각각 검증; S2에서 app evidence 자기보고는 신뢰하지 않음,집행 hop와 우회 경로를 candidate별 확인,NOT_MEASURED_FOR_THIS_PAIR,PRINCIPLE_OR_CODE_ONLY,"L07,L12,L13","U03,U07,U08,U09,U35",실제 teleop flow inventory와 최소 데이터 기능 유지 비교
X070,M30,XR camera / mesh / 공간 데이터 과다 공유,D11,AUDIT_ONLY,NOT_ESTABLISHED_BY_THIS_PAIR,NOT_EXECUTED_IN_THIS_REVIEW,field/API permissions·dataflow/purpose,runtime/collector/gate/consumer 신뢰를 각각 검증; S2에서 app evidence 자기보고는 신뢰하지 않음,감사/알림,NOT_MEASURED_FOR_THIS_PAIR,PRINCIPLE_OR_CODE_ONLY,"L07,L12,L13","U03,U07,U08,U09,U35",실제 teleop flow inventory와 최소 데이터 기능 유지 비교
X071,M30,XR camera / mesh / 공간 데이터 과다 공유,D12,CONDITIONAL_ON_EVIDENCE,NOT_ESTABLISHED_BY_THIS_PAIR,NOT_EXECUTED_IN_THIS_REVIEW,field/API permissions·dataflow/purpose,runtime/collector/gate/consumer 신뢰를 각각 검증; S2에서 app evidence 자기보고는 신뢰하지 않음,집행 hop와 우회 경로를 candidate별 확인,NOT_MEASURED_FOR_THIS_PAIR,PRINCIPLE_OR_CODE_ONLY,"L07,L12,L13","U03,U07,U08,U09,U35",실제 teleop flow inventory와 최소 데이터 기능 유지 비교
X072,M31,teleop motion으로 사용자 식별,D01,CONDITIONAL_ON_EVIDENCE,NOT_ESTABLISHED_BY_THIS_PAIR,NOT_EXECUTED_IN_THIS_REVIEW,motion recipient·representation·task utility,baseline의 신뢰 경계·hop별 공격권한을 명시; 물리 고장과 공격 구분,집행 hop와 우회 경로를 candidate별 확인,NOT_MEASURED_FOR_THIS_PAIR,UNTESTED_PAIR,"L07,L14,L35","U03,U10",2026 SoK 전문·teleop 데이터·utility/privacy threat model 대조
X073,M31,teleop motion으로 사용자 식별,D12,CONDITIONAL_ON_EVIDENCE,NOT_ESTABLISHED_BY_THIS_PAIR,NOT_EXECUTED_IN_THIS_REVIEW,motion recipient·representation·task utility,baseline의 신뢰 경계·hop별 공격권한을 명시; 물리 고장과 공격 구분,집행 hop와 우회 경로를 candidate별 확인,NOT_MEASURED_FOR_THIS_PAIR,UNTESTED_PAIR,"L07,L14,L35","U03,U10",2026 SoK 전문·teleop 데이터·utility/privacy threat model 대조
X074,M32,암호화 트래픽의 작업·행동 추론,D01,CONDITIONAL_ON_EVIDENCE,NOT_ESTABLISHED_BY_THIS_PAIR,NOT_EXECUTED_IN_THIS_REVIEW,metadata trace·attacker observation·padding cost,baseline의 신뢰 경계·hop별 공격권한을 명시; 물리 고장과 공격 구분,집행 hop와 우회 경로를 candidate별 확인,NOT_MEASURED_FOR_THIS_PAIR,UNTESTED_PAIR,"L07,L17",U41,seed 2312.06802·2026 joint attack 전문 후 동일 task 평가
X075,M32,암호화 트래픽의 작업·행동 추론,D12,CONDITIONAL_ON_EVIDENCE,NOT_ESTABLISHED_BY_THIS_PAIR,NOT_EXECUTED_IN_THIS_REVIEW,metadata trace·attacker observation·padding cost,baseline의 신뢰 경계·hop별 공격권한을 명시; 물리 고장과 공격 구분,집행 hop와 우회 경로를 candidate별 확인,NOT_MEASURED_FOR_THIS_PAIR,UNTESTED_PAIR,"L07,L17",U41,seed 2312.06802·2026 joint attack 전문 후 동일 task 평가
X076,M32,암호화 트래픽의 작업·행동 추론,D14,CONDITIONAL_ON_EVIDENCE,NOT_ESTABLISHED_BY_THIS_PAIR,NOT_EXECUTED_IN_THIS_REVIEW,metadata trace·attacker observation·padding cost,baseline의 신뢰 경계·hop별 공격권한을 명시; 물리 고장과 공격 구분,집행 hop와 우회 경로를 candidate별 확인,NOT_MEASURED_FOR_THIS_PAIR,UNTESTED_PAIR,"L07,L17",U41,seed 2312.06802·2026 joint attack 전문 후 동일 task 평가
X077,M33,닫힌 앱·runtime의 증거 미노출,D08,CONDITIONAL_ON_EVIDENCE,NOT_ESTABLISHED_BY_THIS_PAIR,NOT_EXECUTED_IN_THIS_REVIEW,API availability/read/wire/consume 4단계,runtime/collector/gate/consumer 신뢰를 각각 검증; S2에서 app evidence 자기보고는 신뢰하지 않음,집행 hop와 우회 경로를 candidate별 확인,NOT_MEASURED_FOR_THIS_PAIR,UNTESTED_PAIR,"I01,I02,I06","U07,U08,U09,U28",지원 runtime별 capability manifest·closed app observe 가능성 조사
X078,M33,닫힌 앱·runtime의 증거 미노출,D11,AUDIT_ONLY,NOT_ESTABLISHED_BY_THIS_PAIR,NOT_EXECUTED_IN_THIS_REVIEW,API availability/read/wire/consume 4단계,runtime/collector/gate/consumer 신뢰를 각각 검증; S2에서 app evidence 자기보고는 신뢰하지 않음,감사/알림,NOT_MEASURED_FOR_THIS_PAIR,NOT_REALTIME_ENFORCEMENT,"I01,I02,I06","U07,U08,U09,U28",지원 runtime별 capability manifest·closed app observe 가능성 조사
X079,M34,인과 로그 부족·위조로 잘못된 audit,D11,AUDIT_ONLY,NOT_ESTABLISHED_BY_THIS_PAIR,NOT_EXECUTED_IN_THIS_REVIEW,trusted logs·IDs·clock bounds,runtime/collector/gate/consumer 신뢰를 각각 검증; S2에서 app evidence 자기보고는 신뢰하지 않음,감사/알림,NOT_MEASURED_FOR_THIS_PAIR,NOT_REALTIME_ENFORCEMENT,"L11,L12","U05,U06",재현 trace에 provenance audit 적용; 실시간 방어로 채점 금지
X080,M34,인과 로그 부족·위조로 잘못된 audit,D14,CONDITIONAL_ON_EVIDENCE,NOT_ESTABLISHED_BY_THIS_PAIR,NOT_EXECUTED_IN_THIS_REVIEW,trusted logs·IDs·clock bounds,runtime/collector/gate/consumer 신뢰를 각각 검증; S2에서 app evidence 자기보고는 신뢰하지 않음,집행 hop와 우회 경로를 candidate별 확인,NOT_MEASURED_FOR_THIS_PAIR,UNTESTED_PAIR,"L11,L12","U05,U06",재현 trace에 provenance audit 적용; 실시간 방어로 채점 금지
X081,M35,runtime IPC query로 service 가용성 상실,D14,CONDITIONAL_ON_EVIDENCE,NOT_ESTABLISHED_BY_THIS_PAIR,NOT_EXECUTED_IN_THIS_REVIEW,runtime commit·IPC state·recovery trace,runtime/collector/gate/consumer 신뢰를 각각 검증; S2에서 app evidence 자기보고는 신뢰하지 않음,집행 hop와 우회 경로를 candidate별 확인,NOT_MEASURED_FOR_THIS_PAIR,UNTESTED_PAIR,"I02,I05",U27,upstream issue/patch 중복 확인·pin regression·recovery 평가
X082,M35,runtime IPC query로 service 가용성 상실,D08,CONDITIONAL_ON_EVIDENCE,NOT_ESTABLISHED_BY_THIS_PAIR,NOT_EXECUTED_IN_THIS_REVIEW,runtime commit·IPC state·recovery trace,runtime/collector/gate/consumer 신뢰를 각각 검증; S2에서 app evidence 자기보고는 신뢰하지 않음,집행 hop와 우회 경로를 candidate별 확인,NOT_MEASURED_FOR_THIS_PAIR,UNTESTED_PAIR,"I02,I05",U27,upstream issue/patch 중복 확인·pin regression·recovery 평가
X083,M36,재연결·QoS queue에서 묵은 목표 실행,D02,CONDITIONAL_ON_EVIDENCE,NOT_ESTABLISHED_BY_THIS_PAIR,NOT_EXECUTED_IN_THIS_REVIEW,sequence·session epoch·queue age·controller lifecycle,baseline의 신뢰 경계·hop별 공격권한을 명시; 물리 고장과 공격 구분,집행 hop와 우회 경로를 candidate별 확인,NOT_MEASURED_FOR_THIS_PAIR,PRINCIPLE_OR_CODE_ONLY,"L31,I01,I06",U43,한 hop씩 queue 주입→실제 reconnect; 정상 loss 대조
X084,M36,재연결·QoS queue에서 묵은 목표 실행,D06,CONDITIONAL_ON_EVIDENCE,NOT_ESTABLISHED_BY_THIS_PAIR,NOT_EXECUTED_IN_THIS_REVIEW,sequence·session epoch·queue age·controller lifecycle,baseline의 신뢰 경계·hop별 공격권한을 명시; 물리 고장과 공격 구분,집행 hop와 우회 경로를 candidate별 확인,NOT_MEASURED_FOR_THIS_PAIR,PRINCIPLE_OR_CODE_ONLY,"L31,I01,I06",U43,한 hop씩 queue 주입→실제 reconnect; 정상 loss 대조
X085,M36,재연결·QoS queue에서 묵은 목표 실행,D14,CONDITIONAL_ON_EVIDENCE,NOT_ESTABLISHED_BY_THIS_PAIR,NOT_EXECUTED_IN_THIS_REVIEW,sequence·session epoch·queue age·controller lifecycle,baseline의 신뢰 경계·hop별 공격권한을 명시; 물리 고장과 공격 구분,집행 hop와 우회 경로를 candidate별 확인,NOT_MEASURED_FOR_THIS_PAIR,PRINCIPLE_OR_CODE_ONLY,"L31,I01,I06",U43,한 hop씩 queue 주입→실제 reconnect; 정상 loss 대조
X086,M37,안전 범위 안이지만 잘못된 mode/작업 명령,D04,CONDITIONAL_ON_EVIDENCE,NOT_ESTABLISHED_BY_THIS_PAIR,NOT_EXECUTED_IN_THIS_REVIEW,trusted mode/approval·physical constraints,runtime/collector/gate/consumer 신뢰를 각각 검증; S2에서 app evidence 자기보고는 신뢰하지 않음,집행 hop와 우회 경로를 candidate별 확인,NOT_MEASURED_FOR_THIS_PAIR,UNTESTED_PAIR,"L18,L20,L34","U14,U17,U31,U35",RTron/RCL 가장 강한 policy 구성과 동등 정보 비교
X087,M37,안전 범위 안이지만 잘못된 mode/작업 명령,D09,CONDITIONAL_ON_EVIDENCE,NOT_ESTABLISHED_BY_THIS_PAIR,NOT_EXECUTED_IN_THIS_REVIEW,trusted mode/approval·physical constraints,runtime/collector/gate/consumer 신뢰를 각각 검증; S2에서 app evidence 자기보고는 신뢰하지 않음,집행 hop와 우회 경로를 candidate별 확인,NOT_MEASURED_FOR_THIS_PAIR,UNTESTED_PAIR,"L18,L20,L34","U14,U17,U31,U35",RTron/RCL 가장 강한 policy 구성과 동등 정보 비교
X088,M37,안전 범위 안이지만 잘못된 mode/작업 명령,D10,CONDITIONAL_ON_EVIDENCE,NOT_ESTABLISHED_BY_THIS_PAIR,NOT_EXECUTED_IN_THIS_REVIEW,trusted mode/approval·physical constraints,runtime/collector/gate/consumer 신뢰를 각각 검증; S2에서 app evidence 자기보고는 신뢰하지 않음,집행 hop와 우회 경로를 candidate별 확인,NOT_MEASURED_FOR_THIS_PAIR,UNTESTED_PAIR,"L18,L20,L34","U14,U17,U31,U35",RTron/RCL 가장 강한 policy 구성과 동등 정보 비교
X089,M38,자연 drift / 보정 오차의 독립 판정,D07,CONDITIONAL_ON_EVIDENCE,NOT_ESTABLISHED_BY_THIS_PAIR,NOT_EXECUTED_IN_THIS_REVIEW,independent fiducial/sensor·uncertainty,baseline의 신뢰 경계·hop별 공격권한을 명시; 물리 고장과 공격 구분,집행 hop와 우회 경로를 candidate별 확인,NOT_MEASURED_FOR_THIS_PAIR,UNTESTED_PAIR,"L02,L03,L32",U42,기존 calibration/SLAM 방어 문헌부터 추가; forge/recenter와 분리
X090,M38,자연 drift / 보정 오차의 독립 판정,D10,CONDITIONAL_ON_EVIDENCE,NOT_ESTABLISHED_BY_THIS_PAIR,NOT_EXECUTED_IN_THIS_REVIEW,independent fiducial/sensor·uncertainty,baseline의 신뢰 경계·hop별 공격권한을 명시; 물리 고장과 공격 구분,집행 hop와 우회 경로를 candidate별 확인,NOT_MEASURED_FOR_THIS_PAIR,UNTESTED_PAIR,"L02,L03,L32",U42,기존 calibration/SLAM 방어 문헌부터 추가; forge/recenter와 분리
X091,M38,자연 drift / 보정 오차의 독립 판정,D13,CONDITIONAL_ON_EVIDENCE,NOT_ESTABLISHED_BY_THIS_PAIR,NOT_EXECUTED_IN_THIS_REVIEW,independent fiducial/sensor·uncertainty,baseline의 신뢰 경계·hop별 공격권한을 명시; 물리 고장과 공격 구분,집행 hop와 우회 경로를 candidate별 확인,NOT_MEASURED_FOR_THIS_PAIR,UNTESTED_PAIR,"L02,L03,L32",U42,기존 calibration/SLAM 방어 문헌부터 추가; forge/recenter와 분리
X092,M39,중단→정지→재허가→재기준화의 결합,D04,CONDITIONAL_ON_EVIDENCE,NOT_ESTABLISHED_BY_THIS_PAIR,NOT_EXECUTED_IN_THIS_REVIEW,원인·EE·button·mode·epoch·controller acknowledgment,baseline의 신뢰 경계·hop별 공격권한을 명시; 물리 고장과 공격 구분,집행 hop와 우회 경로를 candidate별 확인,NOT_MEASURED_FOR_THIS_PAIR,UNTESTED_PAIR,"L18,L20,L21,L30,I04","U15,U16,U17,U18,U20,U26,U31,U32,U33,U34",2개 실제 경로의 완전한 per-app fix vs 공통 manager 동일 조건 비교
X093,M39,중단→정지→재허가→재기준화의 결합,D05,CONDITIONAL_ON_EVIDENCE,EXECUTED_AS_APP_COPY_B1,I07_45_TRIALS_REMOTE_DRIVER,원인·EE·button·mode·epoch·controller acknowledgment,baseline의 신뢰 경계·hop별 공격권한을 명시; 물리 고장과 공격 구분,집행 hop와 우회 경로를 candidate별 확인,app +67/-7 lines + shared core 181 lines; evidence FIFO into app,EXISTING_METHOD_SUFFICIENT_IN_REPORTED_SCOPE,"L18,L20,L21,L30,I04,I07,I08","U15,U16,U17,U18,U20,U26,U31,U32,U33,U34,U49,U50,U51,U52",second real path; real transitions
X094,M39,중단→정지→재허가→재기준화의 결합,D06,CONDITIONAL_ON_EVIDENCE,EXECUTED_SHARED_CORE_B1_C1,I07_45_TRIALS_REMOTE_DRIVER,원인·EE·button·mode·epoch·controller acknowledgment,baseline의 신뢰 경계·hop별 공격권한을 명시; 물리 고장과 공격 구분,집행 hop와 우회 경로를 candidate별 확인,shared 146+35 lines; ordered pause/hold/unpause,EXISTING_METHOD_SUFFICIENT_IN_REPORTED_SCOPE,"L18,L20,L21,L30,I04,I07,I08","U15,U16,U17,U18,U20,U26,U31,U32,U33,U34,U49,U50,U51,U52",other pose/speed; decelerate_to_hold option
X095,M39,중단→정지→재허가→재기준화의 결합,D09,CONDITIONAL_ON_EVIDENCE,NOT_ESTABLISHED_BY_THIS_PAIR,NOT_EXECUTED_IN_THIS_REVIEW,원인·EE·button·mode·epoch·controller acknowledgment,baseline의 신뢰 경계·hop별 공격권한을 명시; 물리 고장과 공격 구분,집행 hop와 우회 경로를 candidate별 확인,NOT_MEASURED_FOR_THIS_PAIR,UNTESTED_PAIR,"L18,L20,L21,L30,I04","U15,U16,U17,U18,U20,U26,U31,U32,U33,U34",2개 실제 경로의 완전한 per-app fix vs 공통 manager 동일 조건 비교
X096,M40,짧은 transition·지연 증거의 검사 race,D02,CONDITIONAL_ON_EVIDENCE,NOT_ESTABLISHED_BY_THIS_PAIR,NOT_EXECUTED_IN_THIS_REVIEW,effective time·clock uncertainty·event stream·lag,runtime/collector/gate/consumer 신뢰를 각각 검증; S2에서 app evidence 자기보고는 신뢰하지 않음,집행 hop와 우회 경로를 candidate별 확인,NOT_MEASURED_FOR_THIS_PAIR,UNTESTED_PAIR,"L19,L21,I03","U18,U20,U25,U29",event delivery·bounded wait·runtime enforcement baseline 비용 비교
X097,M40,짧은 transition·지연 증거의 검사 race,D03,CONDITIONAL_ON_EVIDENCE,NOT_ESTABLISHED_BY_THIS_PAIR,NOT_EXECUTED_IN_THIS_REVIEW,effective time·clock uncertainty·event stream·lag,runtime/collector/gate/consumer 신뢰를 각각 검증; S2에서 app evidence 자기보고는 신뢰하지 않음,집행 hop와 우회 경로를 candidate별 확인,NOT_MEASURED_FOR_THIS_PAIR,UNTESTED_PAIR,"L19,L21,I03","U18,U20,U25,U29",event delivery·bounded wait·runtime enforcement baseline 비용 비교
X098,M40,짧은 transition·지연 증거의 검사 race,D08,CONDITIONAL_ON_EVIDENCE,NOT_ESTABLISHED_BY_THIS_PAIR,I03_SURROGATE_27_RUNS,effective time·clock uncertainty·event stream·lag,runtime/collector/gate/consumer 신뢰를 각각 검증; S2에서 app evidence 자기보고는 신뢰하지 않음,집행 hop와 우회 경로를 candidate별 확인,NOT_MEASURED_FOR_THIS_PAIR,F2_LAG_AND_SHORT_WINDOW_LIMIT,"L19,L21,I03","U18,U20,U25,U29",event delivery·bounded wait·runtime enforcement baseline 비용 비교
X099,M40,짧은 transition·지연 증거의 검사 race,D14,CONDITIONAL_ON_EVIDENCE,NOT_ESTABLISHED_BY_THIS_PAIR,NOT_EXECUTED_IN_THIS_REVIEW,effective time·clock uncertainty·event stream·lag,runtime/collector/gate/consumer 신뢰를 각각 검증; S2에서 app evidence 자기보고는 신뢰하지 않음,집행 hop와 우회 경로를 candidate별 확인,NOT_MEASURED_FOR_THIS_PAIR,UNTESTED_PAIR,"L19,L21,I03","U18,U20,U25,U29",event delivery·bounded wait·runtime enforcement baseline 비용 비교
X101,M12B,주기 source의 수신 정지,D14,CONDITIONAL_ON_EVIDENCE,EXECUTED_AS_RUNTIME_VARIANT_S1_S2,I14_36_TRIALS_REMOTE_DRIVER,driver packet receipt time,runtime/collector/gate/consumer 신뢰를 각각 검증; S2에서 app evidence 자기보고는 신뢰하지 않음,집행 hop와 우회 경로를 candidate별 확인,driver patch (~100 diff lines) or receipt evidence file + gate,EXISTING_METHOD_SUFFICIENT_IN_REPORTED_SCOPE,I14,"U60,U61",stale-content and event-driven sources; real headset
X102,M12C,실제 republisher(receiver) hop의 provenance 손실,D02,CONDITIONAL_ON_EVIDENCE,EXECUTED_AS_RECEIVER_EDIT_B1,I15_36_TRIALS_BACKEND,"receipt time/count, producer seq/session",runtime/collector/gate/consumer 신뢰를 각각 검증; S2에서 app evidence 자기보고는 신뢰하지 않음,집행 hop와 우회 경로를 candidate별 확인,producer +2 fields; receiver +21 lines; message pkg; gate node,EXISTING_METHOD_SUFFICIENT_IN_REPORTED_SCOPE,I15,U62,real Unity frontend; downstream mapper/bridge
X103,M17,정상 키 앱의 pose·stamp·상태 공동 위조,D13,CONDITIONAL_ON_EVIDENCE,EXECUTED_AS_TRUSTED_VERIFIER_TV,I23_12_TRIALS_SYNTHETIC,"independent source stream, own anchor/engage, declared mapping, claimed sample id",runtime/collector/gate/consumer 신뢰를 각각 검증; S2에서 app evidence 자기보고는 신뢰하지 않음,집행 hop와 우회 경로를 candidate별 확인,verifier node + independent source tap + mapping in TCB; legitimate app features lost unless moved into TCB,EXISTING_METHOD_SUFFICIENT_IN_REPORTED_SCOPE,I23,"U70,U68",real-path independent source tap (blocked by M18 premises)
X104,M12D,provenance 자체의 신뢰(S2),D13,CONDITIONAL_ON_EVIDENCE,EXECUTED_AS_TRUSTED_VERIFIER_TV,I23_12_TRIALS_SYNTHETIC,independent source receipt and sample buffer,runtime/collector/gate/consumer 신뢰를 각각 검증; S2에서 app evidence 자기보고는 신뢰하지 않음,집행 hop와 우회 경로를 candidate별 확인,as X103,EXISTING_METHOD_SUFFICIENT_IN_REPORTED_SCOPE,I23,U70,A-rt (driver/runtime rewriting) untested
