id,track,horizon,work,entry_gate,output,decision_rule
W01,전체 지도·분류 검증,1주 / 다음 cycle,"40 사례를 원문·code에 연결, OpenXR/ROS 항목을 coverage checklist로 도출",각 case의 policy/attacker/evidence/limitation 필수; holdout 구현 최소 1개,입력·feedback·전환·privacy·availability의 범위 합의,완료 항목과 UNKNOWN을 구분; exhaustive SoK 주장 안 함
W02,전환과 물리 집행,2주차 pilot,M2/M3/M4/M5/M6/M39의 실제 chain과 정상 control 확보,두 실제 경로 후보; 구현 불가이면 원인·대안 기록; budget freeze,complete per-app fix vs common transition manager 동등 비교,실행 환경 blocked는 연구 공백 부재가 아님; 종단간 효과 없으면 해당 설계 축소
W03,시간·출처·우회,2–3주차 병행,M12/M17/M18/M19/M20/M40; S/G/P/R와 IPC/ACL 검증,same freshness·same info·boundary inclusive; source identity manifest,runtime evidence의 실제 보장 범위와 cost 표,sample token이 derivation 보장 못함을 반례로 검증
W04,피드백·승인 경로,3–4주차 pilot,M22/M23/M25/M26; 목표 지정형 scene-version baseline,delay-only 연속 제어와 분리; strongest FDI/UI 기존 방어 읽기,scene/selection/command provenance trace와 반례,author limitation 전이가 안 되거나 baseline 충분하면 solved로 종료
W05,공간·장치·다중 입력,4주차 병행,M7/M8/M9/M10/M28/M29/M38 code→minimal test,recenter/calibration/drift/forge 원인 별도; pose reference 확인,version/device binding coverage matrix,단순 tf/message_filter/immutable fix면 IMPLEMENTATION_GAP 보존
W06,통신·privacy·availability,매 cycle 제한 병행,M15/M16/M30/M31/M32/M35/M36 및 seed 재검증,patch 상태·공격권한·flow/utility/threat 목적 확인,baseline control과 별도 privacy subtrack,이미 해결된 CVE를 새 gap이라 주장 안 함; 본론과 utility 공통점 없으면 보조범위
W07,시스템 후보 선정·통합 검증,4–6주차 조건부,여러 case의 공통 trust/transition/mediation 문제를 한 후보로 묶기,2개 이상 이질적 실제 경로; strongest per-app fixes; baseline frameworks,prototype+heldout case의 수정량·policy reuse·latency·false block·safety trace,method gap 없어도 integration 이득 입증되면 시스템 기여 후보; 이득 없으면 matrix 결과로 보존
W08,"R01→R03 scoped M39 pilot (executed 2026-10-03, R04)","DONE: frozen 467c223, results b490661","B0 vs strongest per-app fixes (app re-anchor to measured EE + fresh press + controller hold) vs ROS-side transition component (hold + suppression + re-basing, no app change) on the real UR5e path; 5 conditions x 3 reps",pre-flight: start pose/axis with no singularity status and settled orientation; B1 diff and C1 component unit-tested on recorded F3 streams,"confound-free physical stop/resume outcomes; information boundary for fresh-press; integration cost; RESULT: B1 full contract; C1 partial contract (P_rearm fails, information limit); see R04",reports/R01 §10; a system claim additionally needs a second real path (BLOCKED_ENV)
W09,M39 second real path (candidate),needs runnable app with buttons on the wire,same C1 (hold/suppression/re-basing + fresh press from wire buttons) vs per-app strongest fix on a structurally different real path,runnable second real XR→ROS app (none on this host now); neutral pre-flight,"whether a common component meets the full contract without app change, and its adapter cost",system-contribution claim only if C1 matches per-app fixes on both paths with lower total integration cost
