id,route,query,source_ids,purpose,date,include_rule,exclude_rule,coverage
Q01,WEB_SYSTEM2,systematization knowledge virtual reality security attacks defenses SoK immersive technologies,"L06,L07",XR SoK 출발점,2026-10-02,XR/ROS/teleop 공격·방어·데이터 흐름·분류·검증 조건에 직접 연결; primary 우선,중복 판본·뉴스만 근거·domain 전이 미표시 제외; lead는 별도 보존,SCOPING_REVIEW_NOT_EXHAUSTIVE
Q02,WEB_SYSTEM2,ROS ROS2 security survey attacks defenses DDS robotics systematization knowledge,"L04,L05,L16,L17",ROS 범위,2026-10-02,XR/ROS/teleop 공격·방어·데이터 흐름·분류·검증 조건에 직접 연결; primary 우선,중복 판본·뉴스만 근거·domain 전이 미표시 제외; lead는 별도 보존,SCOPING_REVIEW_NOT_EXHAUSTIVE
Q03,WEB_SYSTEM2,virtual reality attacks chaperone virtual environment physical safety security overlay,"L09,L10,L11",perception 공격,2026-10-02,XR/ROS/teleop 공격·방어·데이터 흐름·분류·검증 조건에 직접 연결; primary 우선,중복 판본·뉴스만 근거·domain 전이 미표시 제외; lead는 별도 보존,SCOPING_REVIEW_NOT_EXHAUSTIVE
Q04,WEB_SYSTEM2,XR robot teleoperation OpenTeach OpenTeleVision XRobotAssist framework,"L28,L29,L34",데이터 흐름·middleware,2026-10-02,XR/ROS/teleop 공격·방어·데이터 흐름·분류·검증 조건에 직접 연결; primary 우선,중복 판본·뉴스만 근거·domain 전이 미표시 제외; lead는 별도 보존,SCOPING_REVIEW_NOT_EXHAUSTIVE
Q05,WEB_SYSTEM1,"""ROS"" ""security"" ""SoK""",L08,robot SoK 교차 검증,2026-10-02,XR/ROS/teleop 공격·방어·데이터 흐름·분류·검증 조건에 직접 연결; primary 우선,중복 판본·뉴스만 근거·domain 전이 미표시 제외; lead는 별도 보존,SCOPING_REVIEW_NOT_EXHAUSTIVE
Q06,WEB_SYSTEM1,"""Immersive Virtual Reality Attacks and the Human Joystick"" pdf limitations",L09,primary 초록 확인; 전문 한계 미추출,2026-10-02,XR/ROS/teleop 공격·방어·데이터 흐름·분류·검증 조건에 직접 연결; primary 우선,중복 판본·뉴스만 근거·domain 전이 미표시 제외; lead는 별도 보존,SCOPING_REVIEW_NOT_EXHAUSTIVE
Q07,WEB_SYSTEM1,"""OpenTeleVision"" ""OpenTeach"" teleoperation paper arxiv","L28,L29",primary 판본,2026-10-02,XR/ROS/teleop 공격·방어·데이터 흐름·분류·검증 조건에 직접 연결; primary 우선,중복 판본·뉴스만 근거·domain 전이 미표시 제외; lead는 별도 보존,SCOPING_REVIEW_NOT_EXHAUSTIVE
Q08,WEB_SYSTEM1,"""ROS"" ""DDS"" ""vulnerabilities"" 2021 study","L16,L17",당시 vulnerability와 patch 상태,2026-10-02,XR/ROS/teleop 공격·방어·데이터 흐름·분류·검증 조건에 직접 연결; primary 우선,중복 판본·뉴스만 근거·domain 전이 미표시 제외; lead는 별도 보존,SCOPING_REVIEW_NOT_EXHAUSTIVE
Q09,PRIMARY_SNOWBALL,USENIX/PETS proceedings → author papers → Limitations/Discussion/Future Work,"L06,L07,L10,L11,L12,L13,L14",저자 limitation 추출,2026-10-02,XR/ROS/teleop 공격·방어·데이터 흐름·분류·검증 조건에 직접 연결; primary 우선,중복 판본·뉴스만 근거·domain 전이 미표시 제외; lead는 별도 보존,SCOPING_REVIEW_NOT_EXHAUSTIVE
Q10,PRIMARY_SNOWBALL,RTron/RCL-Vanda/ROSMonitoring2/FRET-Ogma/Safe-ROS full text sections,"L18,L19,L20,L21,L22",generic defense 상한·한계,2026-10-02,XR/ROS/teleop 공격·방어·데이터 흐름·분류·검증 조건에 직접 연결; primary 우선,중복 판본·뉴스만 근거·domain 전이 미표시 제외; lead는 별도 보존,SCOPING_REVIEW_NOT_EXHAUSTIVE
Q11,PRIMARY_SNOWBALL,2405.11047 → 2409.13061 → author lab 2025 defense,"L24,L25,L26",후속 해소 여부 확인,2026-10-02,XR/ROS/teleop 공격·방어·데이터 흐름·분류·검증 조건에 직접 연결; primary 우선,중복 판본·뉴스만 근거·domain 전이 미표시 제외; lead는 별도 보존,SCOPING_REVIEW_NOT_EXHAUSTIVE
Q12,WEB_SYSTEM2,"""Security vulnerabilities"" ""DDS"" ""CVE"" ""2021"" patches",L17,patched/mitigated 표기 대조,2026-10-02,XR/ROS/teleop 공격·방어·데이터 흐름·분류·검증 조건에 직접 연결; primary 우선,중복 판본·뉴스만 근거·domain 전이 미표시 제외; lead는 별도 보존,SCOPING_REVIEW_NOT_EXHAUSTIVE
Q13,WEB_SYSTEM2,"""Motion Data Privacy"" ""2609.00711""",L35,새 SoK lead; primary 읽기 대기,2026-10-02,XR/ROS/teleop 공격·방어·데이터 흐름·분류·검증 조건에 직접 연결; primary 우선,중복 판본·뉴스만 근거·domain 전이 미표시 제외; lead는 별도 보존,SCOPING_REVIEW_NOT_EXHAUSTIVE
Q14,WEB_SYSTEM2,"""XRobotAssist"" ""10.3390/jmmp10020046""",L34,publisher excerpt; direct 429,2026-10-02,XR/ROS/teleop 공격·방어·데이터 흐름·분류·검증 조건에 직접 연결; primary 우선,중복 판본·뉴스만 근거·domain 전이 미표시 제외; lead는 별도 보존,SCOPING_REVIEW_NOT_EXHAUSTIVE
Q15,PINNED_REPO,eff464c taxonomy / STATUS / F2 / F3 / timestamp / S2 design,"I01,I02,I03,I04,I05,I06",원문 대조; raw 실행 없음,2026-10-02,XR/ROS/teleop 공격·방어·데이터 흐름·분류·검증 조건에 직접 연결; primary 우선,중복 판본·뉴스만 근거·domain 전이 미표시 제외; lead는 별도 보존,SCOPING_REVIEW_NOT_EXHAUSTIVE
