id,section,title_alias,url,edition_inherited,priority_inherited,summary_inherited,verification,matching_source_ids
SEED001,1. SoK · Survey · Research Agenda,AR and Robotics,https://arxiv.org/pdf/2203.03254,CHI'22,Mid,"• 문제: AR/XR와 robotics 연구가 산재해 있어 인터페이스·역할·상호작용 유형을 체계화할 필요가 있음.
• 방법: AR-enhanced HRI 및 robotic interface 문헌을 survey/taxonomy로 분류.
• 성과: XR–robot 연구 공간을 구조화하고 후속 원격 HRI/teleoperation 연구의 기준점을 제공.
• 결론/한계: 보안·안전 방법론 자체를 제안하는 논문은 아니며, 단순 XR–ROS 결합을 novelty로 보기 어렵게 만드는 배경 문헌.
• 범위 해석: 문헌 지도·taxonomy·research agenda 성격의 자료이므로, 특정 취약점이나 방어의 실증 결과와 구분해서 사용해야 함.",INHERITED_NOT_REVALIDATED,
SEED002,1. SoK · Survey · Research Agenda,XR-enabled Remote HRI Review,https://research.polyu.edu.hk/en/publications/a-systematic-review-of-xr-enabled-remote-human-robot-interaction-/,ACM CSUR'25,Mid,"• 문제: XR 기반 원격 HRI 시스템의 구현·상호작용·평가가 다양한 형태로 분산됨.
• 방법: 2013~2023년 말까지의 XR-enabled remote HRI 연구를 체계적으로 검토.
• 성과: 원격조작, visualization, interaction, robot/task 유형을 정리해 XR–robot 통합의 기술 지도를 제공.
• 결론/한계: 출판은 2025지만 조사창은 2023년 말까지. 최신 보안 연구를 대체하지 않음.
• 범위 해석: 문헌 지도·taxonomy·research agenda 성격의 자료이므로, 특정 취약점이나 방어의 실증 결과와 구분해서 사용해야 함.",INHERITED_NOT_REVALIDATED,
SEED003,1. SoK · Survey · Research Agenda,SoK: Come Together,https://www.usenix.org/system/files/usenixsecurity25-teymourian.pdf,USENIX Sec.'25,High,"• 문제: Mixed Reality deception 연구가 platform security, information manipulation, human cognition으로 분절되어 있어 서로 다른 공격의 원인·영향·방어를 공통 언어로 비교하기 어려움.
• 방법: 기존 MR deception 문헌을 security/information-theory/cognition 축으로 재구성하고 ontology와 analysis framework를 제안함.
• 성과: perceptual manipulation, malicious content, 정보 왜곡, 인간의 판단 변화가 어떤 관계를 갖는지 체계화하고 research gap을 도출함.
• 의의: XR 화면·피드백 조작이나 사용자의 잘못된 승인 문제를 연구할 때 공격을 단순 UI bug가 아니라 정보·인지 경로 전체에서 분류할 수 있는 핵심 SoK.
• 결론/한계: 저자 스스로 이론적 성격과 향후 실증 검증 필요성을 명시하며, ROS robot closed-loop safety를 직접 평가한 연구는 아님.",INHERITED_NOT_REVALIDATED,L06
SEED004,1. SoK · Survey · Research Agenda,SoK: Data Privacy in VR,https://arxiv.org/pdf/2301.05940,PoPETs'24,High,"• 문제: VR 센서·출력·네트워크가 생성하는 방대한 개인정보 흐름을 통합적으로 정리할 필요가 있음.
• 방법: VR privacy threat와 protection을 데이터 수집·처리·공유 관점에서 systematize.
• 성과: motion, gaze, environment, identity 등 다양한 privacy surface를 분류.
• 결론/한계: VR 전체 프라이버시 지도이며 ROS/robot execution 보안은 범위 밖.
• 범위 해석: 문헌 지도·taxonomy·research agenda 성격의 자료이므로, 특정 취약점이나 방어의 실증 결과와 구분해서 사용해야 함.",INHERITED_NOT_REVALIDATED,L07
SEED005,1. SoK · Survey · Research Agenda,Humanoid Ecosystem SoK,https://arxiv.org/html/2508.17481v2,EuroS&P'26,Mid,"• 문제: humanoid robot의 hardware–software–network–AI 계층을 아우르는 위협·방어 정리가 부족함.
• 방법: 생태계 계층별 attack surface와 방어 기법을 정리.
• 성과: ROS를 포함한 로봇 시스템 보안의 계층적 지도를 제공.
• 결론/한계: humanoid 범위이며 XR–ROS에 자동 일반화할 수 없음.
• 범위 해석: 문헌 지도·taxonomy·research agenda 성격의 자료이므로, 특정 취약점이나 방어의 실증 결과와 구분해서 사용해야 함.",INHERITED_NOT_REVALIDATED,L08
SEED006,1. SoK · Survey · Research Agenda,FM-Powered Robots SoK,https://arxiv.org/html/2606.16788v1,arXiv'26,Mid,"• 문제: foundation model을 탑재한 robot의 보안·프라이버시 위험과 방어가 계층별로 분절됨.
• 방법: FM 입력·추론·행동·robot execution까지 threat/defense를 분류.
• 성과: provenance, 평가 비용, safety principle의 관측 가능성 등 미해결 과제를 정리.
• 결론/한계: FM robot 중심으로 XR 고유 gap의 직접 증거는 아님.
• 범위 해석: 문헌 지도·taxonomy·research agenda 성격의 자료이므로, 특정 취약점이나 방어의 실증 결과와 구분해서 사용해야 함.",INHERITED_NOT_REVALIDATED,
SEED007,1. SoK · Survey · Research Agenda,Motion Data Privacy SoK,https://arxiv.org/abs/2609.00711,arXiv'26,Low,"• 문제: XR motion data의 식별·민감속성 추론·보호 연구가 빠르게 증가하지만 공통 정리가 부족함.
• 방법: motion-data privacy 공격·위협·완화 문헌을 체계화.
• 성과: 동작 데이터 프라이버시 후보를 탐색할 문헌 지도 제공.
• 결론/한계: 조사 당시 초록/색인 중심으로 확인했으며 현재 연구의 핵심 근거로 사용하지 않음.
• 범위 해석: 문헌 지도·taxonomy·research agenda 성격의 자료이므로, 특정 취약점이나 방어의 실증 결과와 구분해서 사용해야 함.",INHERITED_NOT_REVALIDATED,L35
SEED008,1. SoK · Survey · Research Agenda,Beyond the Headset,https://vrst.acm.org/vrst2025/index.php/proceedings/,VRST'25,Low,"• 문제: healthcare XR이 생체·환경·네트워크 데이터를 다루면서 특수한 privacy/security 위험이 발생.
• 방법: 의료 XR 보안·프라이버시 문헌을 SoK 형태로 분류.
• 성과: device/network/user/cloud 계층의 위험과 방어를 종합.
• 결론/한계: healthcare 특화이므로 일반 XR/ROS 보안으로 직접 확장하면 안 됨.
• 범위 해석: 문헌 지도·taxonomy·research agenda 성격의 자료이므로, 특정 취약점이나 방어의 실증 결과와 구분해서 사용해야 함.",INHERITED_NOT_REVALIDATED,
SEED009,1. SoK · Survey · Research Agenda,XR Formal Methods Review,https://doi.org/10.1093/cybsec/tyag004,J. Cybersecurity'26,Mid,"• 문제: XR security는 기술적 제약뿐 아니라 인간·사회적 요소까지 포함하므로 형식기법 적용 범위를 정리할 필요가 있음.
• 방법: socio-technical XR security에 적용된 formal methods와 research agenda를 검토.
• 성과: 기술·사용자·정책을 함께 보는 검증 문제를 제시.
• 결론/한계: 조사 당시 전문 접근이 제한되어 세부 방법 비교에는 사용하지 않음.
• 범위 해석: 문헌 지도·taxonomy·research agenda 성격의 자료이므로, 특정 취약점이나 방어의 실증 결과와 구분해서 사용해야 함.",INHERITED_NOT_REVALIDATED,
SEED010,1. SoK · Survey · Research Agenda,Teleoperated Quadruped Cybersecurity Survey,https://arxiv.org/abs/2602.23404,arXiv'26,Low,"• 문제: teleoperated quadruped의 통신·제어·센서·operator 측 공격을 종합할 필요가 있음.
• 방법: 관련 threat/defense를 systematic survey로 정리.
• 성과: cross-layer robot security 검색 지도로 활용 가능.
• 결론/한계: 저자도 타 도메인의 공격 효과를 직접 대상 플랫폼에 외삽하지 말 것을 강조.
• 범위 해석: 문헌 지도·taxonomy·research agenda 성격의 자료이므로, 특정 취약점이나 방어의 실증 결과와 구분해서 사용해야 함.",INHERITED_NOT_REVALIDATED,
SEED011,1. SoK · Survey · Research Agenda,ROS 2 Real-Time Survey,https://arxiv.org/html/2601.10722v1,arXiv'26,Mid,"• 문제: ROS 2에서 executor, DDS, tracing, GPU 등 real-time 성능 요소가 분산되어 있음.
• 방법: ROS 2 실시간 지원·분석·도구·최적화 연구를 survey.
• 성과: deadline/priority/latency/tracing 연구의 현재 범위를 정리.
• 결론/한계: 단순 deadline 측정·priority 부여를 새 기여로 주장하기 어려움을 보여주는 비교 기준.
• 범위 해석: 문헌 지도·taxonomy·research agenda 성격의 자료이므로, 특정 취약점이나 방어의 실증 결과와 구분해서 사용해야 함.",INHERITED_NOT_REVALIDATED,
SEED012,1. SoK · Survey · Research Agenda,Three Dimensions of ROS 2 Middleware,https://arxiv.org/html/2607.01304v1,arXiv'26,Mid,"• 문제: ROS 2 middleware의 성능·QoS·배치·security cost를 일관되게 평가하기 어려움.
• 방법: middleware 동작을 여러 차원에서 분석·정리.
• 성과: DDS/QoS와 하위 계층 전달, 동적 통신 특성을 이해하는 기준 제공.
• 결론/한계: XR-specific security solution은 아님.
• 범위 해석: 문헌 지도·taxonomy·research agenda 성격의 자료이므로, 특정 취약점이나 방어의 실증 결과와 구분해서 사용해야 함.",INHERITED_NOT_REVALIDATED,
SEED013,1. SoK · Survey · Research Agenda,The Safety Filter,https://doi.org/10.1146/annurev-control-071723-102940,Annual Review'24,High,"• 문제: autonomous/robotic system의 다양한 safety filter(CBF, invariant set, predictive safety 등)가 서로 다른 용어와 수식으로 제시되어 비교가 어려움.
• 방법: safety-critical control의 핵심 구조와 이론적 관계를 통합적으로 review함.
• 성과: control input을 안전 제약 아래 projection/filter하는 기존 접근들의 공통 원리와 한계를 정리함.
• 의의: XR teleoperation에서 '위험 명령을 실행 전에 고친다'는 주장을 할 때 비교해야 하는 일반 safety baseline.
• 결론/한계: XR/ROS-specific framework는 아니며, filter에 어떤 신뢰 가능한 state/constraint를 제공하느냐는 별도의 문제로 남음.",INHERITED_NOT_REVALIDATED,
SEED014,1. SoK · Survey · Research Agenda,ROS 2 in a Nutshell,https://doi.org/10.1145/3815113,ACM CSUR'26,Low,"• 문제: ROS 2 architecture, communication, execution, tooling을 종합적으로 정리할 최신 survey 필요.
• 방법: ROS 2 stack과 연구 동향을 광범위하게 survey.
• 성과: middleware·QoS·execution 관련 배경 지도를 제공.
• 결론/한계: 조사 당시 핵심 신규성 판단에는 보조자료로만 사용.
• 범위 해석: 문헌 지도·taxonomy·research agenda 성격의 자료이므로, 특정 취약점이나 방어의 실증 결과와 구분해서 사용해야 함.",INHERITED_NOT_REVALIDATED,
SEED015,2. XR Security · Privacy,OVRseen,https://www.usenix.org/conference/usenixsecurity22/presentation/trimananda,USENIX Sec.'22,High,"• 문제: Oculus/Quest 생태계에서 VR 앱과 플랫폼이 실제로 어떤 개인정보·VR-specific 데이터를 외부로 보내는지, 그리고 privacy policy가 이를 제대로 공개하는지 불명확함.
• 방법: Quest 2 환경의 앱 트래픽을 수집·복호화하고, 전송을 <app, data type, destination> 형태의 data flow로 추출한 뒤 privacy policy와 비교함.
• 평가/성과: 다수의 상용 VR 앱과 플랫폼 트래픽을 실제 측정해 VR-specific identifier·device/user data가 third party로 전달되는 흐름과 정책 공개의 누락·불일치를 실증함.
• 의의: XR privacy 연구에서 '실제 데이터가 어디로 나가는가'를 측정하는 대표적인 network-audit 기준 논문이 되었음.
• 결론/한계: 분석·감사 시스템이며 전송을 실시간으로 차단하는 runtime enforcement를 제공하지 않고 Oculus/Quest 중심이라는 범위가 있음.",INHERITED_NOT_REVALIDATED,
SEED016,2. XR Security · Privacy,Erebus,https://www.usenix.org/conference/usenixsecurity23/presentation/kim-yoonsang,USENIX Sec.'23,High,"• 문제: AR 앱이 기능 수행에 필요한 범위를 넘어 카메라·환경·공간 정보에 광범위하게 접근하는 overprivilege 문제가 존재함.
• 방법: 17개 AR 시스템과 45개 애플리케이션의 실제 데이터 접근 요구를 분석하고, AR 데이터에 대한 fine-grained access-control DSL과 enforcement framework를 설계해 ARCore SDK에 구현함.
• 평가/성과: 기존 AR 앱을 포팅해 기능을 유지하면서 세분화된 권한 통제가 가능함을 보이고, 실용적인 성능 overhead 범위에서 동작함을 평가함.
• 의의: 'permission name 하나'가 아니라 AR 기능·데이터 맥락을 고려한 least-privilege 접근제어의 대표 baseline.
• 결론/한계: 집행 지점이 AR platform/SDK 계층이며 OpenXR 전반이나 kernel/eBPF 수준의 system-wide enforcement를 직접 다루지 않음.",INHERITED_NOT_REVALIDATED,
SEED017,2. XR Security · Privacy,VR-SP Detector / Guo et al.,https://arxiv.org/abs/2402.13815,ICSE'24,High,"• 문제: Oculus/SideQuest VR 앱이 Android 기반 OS와 game engine을 사용하면서 기존 mobile 취약점뿐 아니라 hand/eye/face tracking 등 XR 고유 개인정보를 어떻게 다루는지 체계적 실증이 부족함.
• 방법: VR-SP detector를 구성해 500개 VR 앱을 대상으로 program static analysis, taint analysis, permission/API 사용 및 privacy-policy 분석을 결합함.
• 평가/성과: 대규모 앱 집합에서 security weakness, 민감 데이터 flow, 정책과 실제 수집·사용의 불일치 등을 실증적으로 분류함.
• 의의: XR 앱 정적 분석·taint 기반 privacy auditing의 최신 기준점 중 하나로, 이후 정책 생성이나 runtime defense를 설계할 때 입력 근거가 됨.
• 결론/한계: offline/static analysis 중심이므로 동적 행위와 runtime enforcement는 직접 해결하지 않고 Oculus 계열에 집중됨.",INHERITED_NOT_REVALIDATED,
SEED018,2. XR Security · Privacy,LensCap,https://doi.org/10.1145/3458864.3467676,MobiSys'21,High,"• 문제: AR application이 raw camera frame과 visual scene 전체에 접근하면 기능 수행과 무관한 사람·사물 정보까지 함께 노출될 수 있음.
• 방법: visual processing을 app과 분리한 split-process 구조로 만들고, 앱에는 필요한 visual result만 전달하도록 fine-grained visual privacy control을 설계함.
• 평가/성과: AR application 기능을 유지하면서 raw visual data exposure를 줄이는 시스템 구조를 구현·평가함.
• 의의: XR에서 data minimization을 단순 permission이 아니라 process architecture로 구현한 대표 연구.
• 결론/한계: visual privacy에 특화된 user-space 구조이며 network/file/IPC 전체에 대한 일반 kernel policy나 ROS integration을 다루지 않음.",INHERITED_NOT_REVALIDATED,
SEED019,2. XR Security · Privacy,Wu et al.,https://ywu960702.github.io/papers/wu2023privacy.pdf,IEEE S&P'23,Mid,"• 문제: VR SDK/API의 motion·position·button sensor가 permission 없이 접근 가능할 수 있음.
• 방법: OpenVR/Oculus/WebXR에서 malicious app/site를 구현하고 virtual keyboard 입력 추론을 평가.
• 성과: virtual typing·password·paragraph inference가 높은 정확도로 가능함을 실증.
• 결론/한계: 공격 실증 중심이며 플랫폼 전반의 runtime 방어는 제공하지 않음.
• 범위 해석: 특정 XR 플랫폼·센서·side channel·UI 조건에서의 결과가 많으므로, 위협 모델과 권한 조건을 벗어나 일반화하지 않는 것이 중요함.",INHERITED_NOT_REVALIDATED,
SEED020,2. XR Security · Privacy,Nair et al.,https://www.usenix.org/conference/usenixsecurity23/presentation/nair-identification,USENIX Sec.'23,Mid,"• 문제: head/hand motion이 실제로 대규모 사용자 식별용 biometric이 될 수 있는지 불명확.
• 방법: 55,541명 규모의 motion dataset으로 cross-session identification classifier 평가.
• 성과: 100초 motion으로 94.33%, 10초로 73.20% 식별 정확도 보고.
• 결론/한계: privacy risk의 실증이며 access-control/enforcement 연구는 아님.
• 범위 해석: 특정 XR 플랫폼·센서·side channel·UI 조건에서의 결과가 많으므로, 위협 모델과 권한 조건을 벗어나 일반화하지 않는 것이 중요함.",INHERITED_NOT_REVALIDATED,
SEED021,2. XR Security · Privacy,Yang et al.,https://www.usenix.org/conference/usenixsecurity24/presentation/yang-zhuolin,USENIX Sec.'24,Mid,"• 문제: 물리적으로 분리된 VR에서도 다른 사용자의 avatar motion을 통해 typed content가 유출될 수 있는가.
• 방법: shared VR 환경에서 손/아바타 telemetry만 관찰해 label/keyboard layout 없이 keystroke inference.
• 성과: 다수 사용자에서 86–98% key recognition, 의미 보존형 content 복원까지 보고.
• 결론/한계: 방어는 논의 수준이며 플랫폼 runtime 정책 집행은 핵심 기여가 아님.
• 범위 해석: 특정 XR 플랫폼·센서·side channel·UI 조건에서의 결과가 많으므로, 위협 모델과 권한 조건을 벗어나 일반화하지 않는 것이 중요함.",INHERITED_NOT_REVALIDATED,
SEED022,2. XR Security · Privacy,GAZEploit,https://doi.org/10.1145/3658644.3690285,CCS'24,Mid,"• 문제: gaze-controlled typing이 기존 hand-motion attacks를 줄여도 avatar visual cues에서 gaze가 다시 유출될 수 있음.
• 방법: avatar view의 eye appearance에서 gaze를 추정해 remote keystroke를 복원.
• 성과: Apple Vision Pro 등 고급 XR의 gaze interaction이 새로운 side-channel을 만들 수 있음을 실증.
• 결론/한계: 공격 중심이며 general runtime blocking mechanism은 제공하지 않음.
• 범위 해석: 특정 XR 플랫폼·센서·side channel·UI 조건에서의 결과가 많으므로, 위협 모델과 권한 조건을 벗어나 일반화하지 않는 것이 중요함.",INHERITED_NOT_REVALIDATED,
SEED023,2. XR Security · Privacy,VRecKey,https://vreckey.github.io/,NDSS'25,Mid,"• 문제: controller–HMD tracking용 IR emission이 물리적 side channel로 악용될 수 있음.
• 방법: 외부 IR sensor array로 controller의 적외선 패턴을 수집해 character/word-level keystroke 추론.
• 성과: 상용 VR 2종에서 높은 top-3 추론 정확도와 다양한 현실 조건 robustness를 보고.
• 결론/한계: 별도 물리 센서 기반 공격이며 OS/kernel policy만으로 완전히 해결되는 문제는 아님.
• 범위 해석: 특정 XR 플랫폼·센서·side channel·UI 조건에서의 결과가 많으므로, 위협 모델과 권한 조건을 벗어나 일반화하지 않는 것이 중요함.",INHERITED_NOT_REVALIDATED,
SEED024,2. XR Security · Privacy,OVRWATCHER,https://doi.org/10.14722/ndss.2026.231302,NDSS'26,Mid,"• 문제: XR 기기에 노출된 GPU profiler가 앱·scene·user activity를 fingerprint할 수 있음.
• 방법: Meta Quest 등의 built-in GPU metrics를 저주파(1 Hz 포함)로 수집해 분류.
• 성과: standalone/WebXR app fingerprinting, shopping object·meeting participant inference에서 높은 정확도 보고.
• 결론/한계: practical defense는 profiler 접근 제한·비정상 polling 탐지·noise 등 플랫폼 변경을 요구하고 성능 trade-off가 존재.
• 범위 해석: 특정 XR 플랫폼·센서·side channel·UI 조건에서의 결과가 많으므로, 위협 모델과 권한 조건을 벗어나 일반화하지 않는 것이 중요함.",INHERITED_NOT_REVALIDATED,
SEED025,2. XR Security · Privacy,EyeSpy,https://arxiv.org/abs/2605.27939,IEEE S&P'26,Mid,"• 문제: gaze API permission을 막아도 dynamic foveated rendering의 성능 변화가 gaze를 누출할 수 있음.
• 방법: high-cost object를 시야에 sweep하고 frame-time 등 rendering metrics와 상관시켜 gaze 좌표 추론.
• 성과: 여러 HMD/engine에서 eye-tracker 수준의 오차(대략 1.1–4.4°), detector F1 0.99를 보고.
• 결론/한계: 탐지까지 제안하지만 adaptive attack·실제 민감정보 downstream inference와 완전 차단은 후속 과제.
• 범위 해석: 특정 XR 플랫폼·센서·side channel·UI 조건에서의 결과가 많으므로, 위협 모델과 권한 조건을 벗어나 일반화하지 않는 것이 중요함.",INHERITED_NOT_REVALIDATED,
SEED026,2. XR Security · Privacy,Arya,https://www.ieee-security.org/TC/SP2017/papers/541.pdf,IEEE S&P'17,Mid,"• 문제: AR 앱이 사용자의 시야에 악의적/부적절한 콘텐츠를 표시할 때 기존 mobile UI security가 충분하지 않음.
• 방법: Arya를 통해 AR output의 spatial/temporal policy를 enforce.
• 성과: AR output security의 고전적 기준을 제시.
• 결론/한계: 표시 '내용의 의미' 자체를 제약하는 정책은 범위 밖이며 ROS execution safety는 다루지 않음.
• 범위 해석: 특정 XR 플랫폼·센서·side channel·UI 조건에서의 결과가 많으므로, 위협 모델과 권한 조건을 벗어나 일반화하지 않는 것이 중요함.",INHERITED_NOT_REVALIDATED,
SEED027,2. XR Security · Privacy,PMA User Study,https://www.usenix.org/system/files/usenixsecurity23-cheng-kaiming.pdf,USENIX Sec.'23,Mid,"• 문제: MR perceptual manipulation attack을 사용자가 실제로 알아차리고 어떻게 대응하는지 부족하게 이해됨.
• 방법: 사용자 연구를 통해 공격 인지·mental model·defensive behavior를 분석.
• 성과: '사람이 XR 조작에 속을 수 있다'는 현상을 실증·정교화.
• 결론/한계: 표본/순서효과·일반화 한계가 있으며 robot actuation까지 평가하지 않음.
• 범위 해석: 특정 XR 플랫폼·센서·side channel·UI 조건에서의 결과가 많으므로, 위협 모델과 권한 조건을 벗어나 일반화하지 않는 것이 중요함.",INHERITED_NOT_REVALIDATED,
SEED028,2. XR Security · Privacy,AR UI Security,https://www.usenix.org/conference/usenixsecurity24/presentation/cheng-kaiming,USENIX Sec.'24,Mid,"• 문제: AR에서는 UI가 3D 공간·사용자 주변에 존재해 기존 2D UI security property가 그대로 적용되지 않음.
• 방법: Same Space, Invisibility, Synthetic Input 등 properties/attacks를 여러 AR 플랫폼에서 PoC 평가.
• 성과: ARCore/ARKit/HoloLens/Oculus/WebXR 모두 여러 attack surface를 가짐을 보고.
• 결론/한계: platform UI security 연구이며 robot execution의 end-to-end correctness는 범위 밖.
• 범위 해석: 특정 XR 플랫폼·센서·side channel·UI 조건에서의 결과가 많으므로, 위협 모델과 권한 조건을 벗어나 일반화하지 않는 것이 중요함.",INHERITED_NOT_REVALIDATED,
SEED029,2. XR Security · Privacy,REALITYCHECK,https://www.usenix.org/system/files/usenixsecurity25-shoaib.pdf,USENIX Sec.'25,High,"• 문제: AR/VR 공격은 application, runtime, sensor, output 등 여러 계층에 걸쳐 발생해 사후에 '어디서 무엇이 바뀌었는지'를 수동 로그만으로 추적하기 어려움.
• 방법: XR execution에서 수집된 event를 provenance 관계로 연결하고 공격 관련 causal path를 자동 재구성하는 investigation system을 설계함.
• 평가/성과: 다양한 XR attack scenario에서 공격 경로를 복원하고 수작업 조사보다 구조적인 forensic evidence를 제공함.
• 의의: XR provenance/forensics의 대표 baseline으로, 이후 XR–ROS evidence sufficiency 연구에서는 반드시 비교해야 하는 선행 시스템임.
• 결론/한계: 논문이 명시하듯 direct threat detection·runtime prevention보다 investigation이 목적이며, instrumentation 범위 밖의 사실까지 증명하지는 못함.",INHERITED_NOT_REVALIDATED,L11
SEED030,2. XR Security · Privacy,From Perception to Protection,https://arxiv.org/html/2509.06368v1,NDSS'26,Mid,"• 문제: XR developer가 실제 위협·privacy expectation을 어떻게 이해하고 대응하는지 경험적 근거가 부족함.
• 방법: developer-centered empirical study로 threats, practices, gaps를 분석.
• 성과: XR security/privacy threat surface와 현실 개발 관행의 간극을 정리.
• 결론/한계: developer study이며 ROS-specific runtime defense는 아님.
• 범위 해석: 특정 XR 플랫폼·센서·side channel·UI 조건에서의 결과가 많으므로, 위협 모델과 권한 조건을 벗어나 일반화하지 않는 것이 중요함.",INHERITED_NOT_REVALIDATED,
SEED031,2. XR Security · Privacy,Shadowed Realities,https://www.usenix.org/conference/usenixsecurity25/presentation/mukherjee,USENIX Sec.'25,Mid,"• 문제: WebXR의 3D UI 특성이 first/third-party dark design과 공격에 악용될 수 있음.
• 방법: vulnerable UI property를 분석하고 5개 신규 attack technique·taxonomy·logging/user-study framework 제안.
• 성과: 100명 사용자 연구에서 다수 dark pattern이 인지되지 않으면서 의도된 효과를 달성함을 보고.
• 결론/한계: WebXR/UI 중심이며 kernel/ROS enforcement는 범위 밖.
• 범위 해석: 특정 XR 플랫폼·센서·side channel·UI 조건에서의 결과가 많으므로, 위협 모델과 권한 조건을 벗어나 일반화하지 않는 것이 중요함.",INHERITED_NOT_REVALIDATED,
SEED032,2. XR Security · Privacy,IMMERSPY,https://doi.org/10.14722/ndss.2025.240164,NDSS'25,Mid,"• 문제: 명시적 microphone 권한 없이도 VR의 다른 sensor/side channel에서 speech를 복원할 수 있는가.
• 방법: zero-permission sensor signals로 음성/숫자 sequence를 추론하는 IMMERSPY 공격을 구성.
• 성과: 4-digit, 16-digit sequence 등 민감 speech inference를 실증하고 inaudible-tone defense도 제안.
• 결론/한계: 특정 acoustic/VR side channel 방어이며 일반 semantic policy framework는 아님.
• 범위 해석: 특정 XR 플랫폼·센서·side channel·UI 조건에서의 결과가 많으므로, 위협 모델과 권한 조건을 벗어나 일반화하지 않는 것이 중요함.",INHERITED_NOT_REVALIDATED,
SEED033,2. XR Security · Privacy,Aziz et al.,https://ieeexplore.ieee.org/document/10937444/,IEEE VR'25,Mid,"• 문제: eye-tracking과 body/head/hand motion을 각각 따로 privacy-protect하면 다른 modality가 보호를 우회할 수 있음.
• 방법: 보호된 eye/motion 데이터와 비보호 modality를 교차 사용해 unauthorized user identification 평가.
• 성과: 단일 modality 중심 privacy defense의 비조정 문제를 실증.
• 결론/한계: comprehensive multi-modal privacy 필요성을 제시하지만 ROS/robot context는 아님.
• 범위 해석: 특정 XR 플랫폼·센서·side channel·UI 조건에서의 결과가 많으므로, 위협 모델과 권한 조건을 벗어나 일반화하지 않는 것이 중요함.",INHERITED_NOT_REVALIDATED,
SEED034,2. XR Security · Privacy,VR Motion+Traffic Identification,https://arxiv.org/html/2501.16326v1,arXiv'25,Low,"• 문제: 상용 VR에서 motion과 network traffic metadata가 각각 또는 결합되어 사용자 식별에 사용될 수 있음.
• 방법: commercial VR app의 movement/traffic trace를 특징화하고 identification을 평가.
• 성과: encryption 이후에도 metadata 기반 식별 가능성 탐색.
• 결론/한계: robot traffic과 병렬 비교할 수 있으나 직접 XR–ROS follow-up 관계는 아님.
• 범위 해석: 특정 XR 플랫폼·센서·side channel·UI 조건에서의 결과가 많으므로, 위협 모델과 권한 조건을 벗어나 일반화하지 않는 것이 중요함.",INHERITED_NOT_REVALIDATED,
SEED035,2. XR Security · Privacy,A Study of User Privacy in Android Mobile AR Apps,https://dblp.org/rec/conf/kbse/YangZ22,ASE'22,Low,"• 문제: Android mobile AR 앱의 permission·data handling이 실제로 privacy risk를 유발하는지 파악 필요.
• 방법: AR 앱의 정적/permission 중심 분석.
• 성과: mobile AR privacy analysis의 초기 empirical evidence를 제공.
• 결론/한계: 짧은 conference paper이며 OpenXR/ROS/runtime enforcement와는 거리가 있음.
• 범위 해석: 특정 XR 플랫폼·센서·side channel·UI 조건에서의 결과가 많으므로, 위협 모델과 권한 조건을 벗어나 일반화하지 않는 것이 중요함.",INHERITED_NOT_REVALIDATED,
SEED036,3. XR · ROS · Robot / HRI,ROS Reality,https://h2r.cs.brown.edu/wp-content/uploads/whitney18.pdf,IROS'18,Mid,"• 문제: 소비자급 VR hardware를 ROS robot teleoperation/visualization에 쉽게 연결하기 어려움.
• 방법: ROS-enabled robot을 VR에서 조작/관찰하는 framework 구현.
• 성과: 이후 predictive XR teleoperation의 선행 기준으로 인용됨.
• 결론/한계: security/safety 연구가 아니라 interface/system 구축 연구.
• 범위 해석: 주된 기여는 XR–robot interface, teleoperation, HRI 또는 safety 지원이며, 해당 구현의 존재 자체가 security vulnerability를 의미하지는 않음.",INHERITED_NOT_REVALIDATED,
SEED037,3. XR · ROS · Robot / HRI,Quest2ROS,https://quest2ros.github.io/files/Quest2ROS.pdf,VAM-HRI Workshop'24,Mid,"• 문제: Meta Quest controller/headset pose를 robot teleoperation에 쉽게 활용할 표준 도구 부족.
• 방법: Quest app에서 pose/input을 ROS로 전달하는 teleoperation tool 제공.
• 성과: 이후 Quest2ROS2가 ROS 2·relative motion·bi-manual control로 확장.
• 결론/한계: workshop tool paper이며 security validation은 주목적이 아님.
• 범위 해석: 주된 기여는 XR–robot interface, teleoperation, HRI 또는 safety 지원이며, 해당 구현의 존재 자체가 security vulnerability를 의미하지는 않음.",INHERITED_NOT_REVALIDATED,
SEED038,3. XR · ROS · Robot / HRI,Quest2ROS2,https://arxiv.org/html/2601.18289v1,HRI'26,High,"• 문제: Meta Quest controller의 양손 pose와 사용자 움직임을 ROS 2 manipulator 제어로 자연스럽게 연결할 공개 framework가 부족함.
• 방법: relative-motion mapping, bi-manual controller handling, pause/reset, ROS 2 topic·visualization을 포함한 VR teleoperation framework를 구현함.
• 평가/성과: 실제 VR controller input을 ROS 2 robot-control pipeline에 연결하는 end-to-end 구조와 사용성을 제시함.
• 의의: 현재 연구에서 XR source → ROS controller의 실제 semantic 전달 구조를 분석하기 좋은 공개 baseline.
• 결론/한계: 저자도 controller button priority/tracking 처리의 robustness를 개선점으로 언급하며, 보안 검증·authorization 자체가 주된 기여는 아님.",INHERITED_NOT_REVALIDATED,L30
SEED039,3. XR · ROS · Robot / HRI,ERUPT,https://arxiv.org/html/2510.02464v1,arXiv'25,Mid,"• 문제: XR UI와 robot motion planner를 반복적으로 연결하는 개발 비용이 큼.
• 방법: Unity/OpenXR/ROS 2/MoveIt을 연결하는 open toolkit 제공.
• 성과: trajectory/scene interaction 실험용 공개 시스템 후보.
• 결론/한계: 통합 도구이며 보안 연구의 직접 기여는 아님.
• 범위 해석: 주된 기여는 XR–robot interface, teleoperation, HRI 또는 safety 지원이며, 해당 구현의 존재 자체가 security vulnerability를 의미하지는 않음.",INHERITED_NOT_REVALIDATED,
SEED040,3. XR · ROS · Robot / HRI,Bavelos Scene Recreation,https://onlinelibrary.wiley.com/doi/10.1111/mice.13337,CACAIE'25,High,"• 문제: 위험 환경의 원격조작에서 operator가 robot이 인식한 3D scene과 계획 trajectory를 이해하고 실행 전 확인할 수 있어야 함.
• 방법: 처리된 point cloud로 VR용 scene mesh와 MoveIt planning scene을 구성하고, planned trajectory를 ghost visualization 형태로 보여준 뒤 사람이 승인하도록 설계함.
• 평가/성과: scene reconstruction–planning–XR visualization–human approval을 하나의 teleoperation workflow로 연결함.
• 의의: '사람이 XR에서 본 장면'과 'ROS가 계획에 사용하는 장면'이 동일 upstream perception을 공유할 수 있는 실제 시스템 사례를 제공함.
• 결론/한계: 별도의 camera/raw observation 경로도 존재하므로, shared perception error가 모든 확인 절차를 자동으로 우회한다고 해석할 수는 없음.",INHERITED_NOT_REVALIDATED,
SEED041,3. XR · ROS · Robot / HRI,Haptic XR Battery Disassembly,https://onlinelibrary.wiley.com/doi/10.1002/rob.70079,J. Field Robotics'26,Mid,"• 문제: EV battery disassembly에서 XR teleoperation과 haptic/shared autonomy를 결합해 작업성과 안전을 높일 필요.
• 방법: GMR 기반 assistance, haptic feedback, variable autonomy, CBF safety constraint 결합.
• 성과: XR+haptic robot teleoperation에서 advanced assistance가 이미 사용되고 있음을 보여줌.
• 결론/한계: 실험 CBF는 수동 배치한 단일 구형 영역 등 단순화가 존재; CBF 자체를 새 기여로 삼기 어려움.
• 범위 해석: 주된 기여는 XR–robot interface, teleoperation, HRI 또는 safety 지원이며, 해당 구현의 존재 자체가 security vulnerability를 의미하지는 않음.",INHERITED_NOT_REVALIDATED,
SEED042,3. XR · ROS · Robot / HRI,Happily Error After,https://arxiv.org/html/2306.14589v1,RO-MAN'23,High,"• 문제: robot perception error를 remote operator가 VR에서 쉽게 발견·교정할 수 있는가.
• 방법: ROS/MoveIt/Quest 기반 VR interface에서 perception correction과 motion confirmation 제공.
• 성과: human-in-the-loop로 perception error correction 및 원본 영상/가상 표현 비교를 평가.
• 결론/한계: 가상 표현과 실제 대상 차이, 회전 expectation 차이 등을 논의; raw video 확인이 이미 baseline으로 존재.
• 범위 해석: 주된 기여는 XR–robot interface, teleoperation, HRI 또는 safety 지원이며, 해당 구현의 존재 자체가 security vulnerability를 의미하지는 않음.",INHERITED_NOT_REVALIDATED,
SEED043,3. XR · ROS · Robot / HRI,Real-Time VR Teleop in Dynamic Env.,https://arxiv.org/abs/2605.30989,arXiv'26,Low,"• 문제: dynamic obstacle가 있는 환경에서 VR manipulator teleoperation의 실시간성·회피 성능 필요.
• 방법: dynamic environment를 고려한 VR teleoperation framework 제안.
• 성과: collision avoidance/실시간 teleop가 이미 진행 중인 연구임을 확인.
• 결론/한계: 조사에서는 초록 중심; security contribution으로 사용하지 않음.
• 범위 해석: 주된 기여는 XR–robot interface, teleoperation, HRI 또는 safety 지원이며, 해당 구현의 존재 자체가 security vulnerability를 의미하지는 않음.",INHERITED_NOT_REVALIDATED,
SEED044,3. XR · ROS · Robot / HRI,Duo-Virtual Spaces,https://arxiv.org/abs/2409.15464,Extended Abstract'24,Mid,"• 문제: teleoperation network delay가 XR feedback과 robot state의 동기화를 저해.
• 방법: prediction과 observation을 병합하는 dual virtual space 개념 제안.
• 성과: feedback latency 완화의 기존 접근을 보여줌.
• 결론/한계: 예측/관측 병합 시 pose drift가 명시된 한계이며, 짧은 extended abstract.
• 범위 해석: 주된 기여는 XR–robot interface, teleoperation, HRI 또는 safety 지원이며, 해당 구현의 존재 자체가 security vulnerability를 의미하지는 않음.",INHERITED_NOT_REVALIDATED,
SEED045,3. XR · ROS · Robot / HRI,XRoboToolkit,https://arxiv.org/html/2508.00097v1,arXiv'25,Low,"• 문제: 다양한 XR device/robot을 연결하는 cross-platform teleoperation framework 부족.
• 방법: OpenXR 기반 interaction·stereo feedback·data collection toolkit 제안.
• 성과: XR robot teleoperation tool의 범용화 방향을 보여줌.
• 결론/한계: 읽은 공개본에서 ROS 의존성을 핵심으로 확인하지 못해 ROS-specific evidence로 사용하지 않음.
• 범위 해석: 주된 기여는 XR–robot interface, teleoperation, HRI 또는 safety 지원이며, 해당 구현의 존재 자체가 security vulnerability를 의미하지는 않음.",INHERITED_NOT_REVALIDATED,
SEED046,3. XR · ROS · Robot / HRI,CoboDeck,https://www.vr.tuwien.ac.at/publications/cobodeck-a-large-scale-haptic-vr-system-using-a-collaborative-mobile-robot-2023/,IEEE VR'23,Mid,"• 문제: large-scale VR에서 물리적 encountered haptics를 넓은 공간에 제공하기 어려움.
• 방법: collaborative mobile robot에 arm/interaction hardware를 결합해 사용자가 가상 물체와 실제로 접촉하게 함.
• 성과: Unity·ROS·mobile base+arm 구조의 실제 XR robot system을 구현.
• 결론/한계: wireless stale position 경험과 중요 처리를 onboard로 옮기는 설계 교훈이 존재; 전체 공개코드는 미확인.
• 범위 해석: 주된 기여는 XR–robot interface, teleoperation, HRI 또는 safety 지원이며, 해당 구현의 존재 자체가 security vulnerability를 의미하지는 않음.",INHERITED_NOT_REVALIDATED,
SEED047,3. XR · ROS · Robot / HRI,VR4Sec Safety/Security,https://vr4sec.hcigroup.de/proceedings/VR4Sec_paper_8.pdf,VR4Sec'21,Mid,"• 문제: VR user body pose 불확실성과 collaborative robot의 physical contact가 safety/privacy/security 문제를 동시에 만듦.
• 방법: 문제 제기·challenge analysis 중심 position paper.
• 성과: body tracking과 safety monitoring 사이 trade-off를 명시.
• 결론/한계: 4쪽 workshop paper이며 공격 실증/완성 방어 시스템은 아님.
• 범위 해석: 주된 기여는 XR–robot interface, teleoperation, HRI 또는 safety 지원이며, 해당 구현의 존재 자체가 security vulnerability를 의미하지는 않음.",INHERITED_NOT_REVALIDATED,
SEED048,3. XR · ROS · Robot / HRI,Safety for Mobile ETHDs,https://www.frontiersin.org/journals/virtual-reality/articles/10.3389/frvir.2025.1648019/full,Frontiers in VR'25,Mid,"• 문제: mobile encountered-type haptic device가 사용자 주변에서 이동할 때 체계적인 safety strategy/test가 필요.
• 방법: 상태·안전 전략·fault injection/시뮬레이션 평가.
• 성과: 위치 노이즈·지연 등 다양한 조건을 시험해 기존 safety baseline을 제공.
• 결론/한계: combined and parallel movements를 후속 과제로 명시. 그러나 이것만으로 새로운 방법론 필요성이 자동 성립하지 않음.
• 범위 해석: 주된 기여는 XR–robot interface, teleoperation, HRI 또는 safety 지원이며, 해당 구현의 존재 자체가 security vulnerability를 의미하지는 않음.",INHERITED_NOT_REVALIDATED,
SEED049,3. XR · ROS · Robot / HRI,AR Monitoring for ETH,https://repositum.tuwien.at/handle/20.500.12708/216053,IEEE VRW'25,Mid,"• 문제: VR user는 실제 moving haptic robot을 직접 보지 못하므로 external supervisor가 상태를 볼 필요.
• 방법: AR 기반 monitoring interface로 robot/user safety state 시각화.
• 성과: encountered-type haptics safety에 supervisor AR가 이미 도입됨.
• 결론/한계: 짧은 workshop 논문이며 새로운 runtime verification framework는 아님.
• 범위 해석: 주된 기여는 XR–robot interface, teleoperation, HRI 또는 safety 지원이며, 해당 구현의 존재 자체가 security vulnerability를 의미하지는 않음.",INHERITED_NOT_REVALIDATED,
SEED050,3. XR · ROS · Robot / HRI,ETHOS,https://arxiv.org/html/2511.05379v1,arXiv'25,Mid,"• 문제: social VR의 동적 접촉을 실제 robot이 자연스럽게 제공하는 시스템 부족.
• 방법: ROS 2 Humble·Unity 기반 encountered-type haptic robot 구현.
• 성과: 사용자와 실제 접촉하는 XR robot architecture와 contact control을 제시.
• 결론/한계: force threshold가 systematic torque/safety justification 없이 설정된 한계를 인정; safety limit로 과장하면 안 됨.
• 범위 해석: 주된 기여는 XR–robot interface, teleoperation, HRI 또는 safety 지원이며, 해당 구현의 존재 자체가 security vulnerability를 의미하지는 않음.",INHERITED_NOT_REVALIDATED,
SEED051,3. XR · ROS · Robot / HRI,ETHOS User Study,https://arxiv.org/html/2511.05683v1,arXiv'25,Low,"• 문제: 실제 physical contact가 social VR experience에 어떤 영향을 주는지 사용자 수준 증거 필요.
• 방법: ETHOS 기반 54명 user study.
• 성과: 시스템 논문이 남긴 'user evaluation 필요' 공백을 별도 연구가 이미 채움.
• 결론/한계: safety/security algorithm 연구가 아니라 HCI evaluation.
• 범위 해석: 주된 기여는 XR–robot interface, teleoperation, HRI 또는 safety 지원이며, 해당 구현의 존재 자체가 security vulnerability를 의미하지는 않음.",INHERITED_NOT_REVALIDATED,
SEED052,3. XR · ROS · Robot / HRI,Idle Positioning for ETH,https://link.springer.com/chapter/10.1007/978-3-032-32350-7_18,EuroHaptics'26,Low,"• 문제: haptic robot이 idle일 때 사용자 동선과 향후 접촉 준비를 고려해 안전·효율적인 위치를 선택해야 함.
• 방법: 실제 사용자 trajectory를 활용한 deep RL positioning.
• 성과: '사용자를 피하는 대기 위치 학습' 자체는 이미 최신 후속연구가 존재.
• 결론/한계: 온라인 공개 2026/서지연도 2027 표기가 혼재하며 유료 전문은 조사 당시 미확인.
• 범위 해석: 주된 기여는 XR–robot interface, teleoperation, HRI 또는 safety 지원이며, 해당 구현의 존재 자체가 security vulnerability를 의미하지는 않음.",INHERITED_NOT_REVALIDATED,
SEED053,3. XR · ROS · Robot / HRI,Watch out for the Robot!,https://www.frontiersin.org/journals/virtual-reality/articles/10.3389/frvir.2022.928517/full,Frontiers in VR'22,Mid,"• 문제: 사용자가 VR에 몰입한 채 실제 moving robot과 접촉할 때 시각적 safety feedback 설계 필요.
• 방법: visual feedback safety technique를 설계·사용자 평가.
• 성과: 경고/visual safety cue는 이미 연구된 영역임을 보여줌.
• 결론/한계: 일부 평가는 video 기반 online evaluation으로 실제 착용·접촉 일반화에 제약.
• 범위 해석: 주된 기여는 XR–robot interface, teleoperation, HRI 또는 safety 지원이며, 해당 구현의 존재 자체가 security vulnerability를 의미하지는 않음.",INHERITED_NOT_REVALIDATED,
SEED054,3. XR · ROS · Robot / HRI,MR Hazard Zones,https://link.springer.com/article/10.1007/s10055-025-01107-2,Virtual Reality'25,Mid,"• 문제: HRC에서 robot hazard zone을 MR로 표현하면 사용자의 safety perception/control sense가 개선되는가.
• 방법: ROS·Unity·MoveIt·Gazebo 기반 MR hazard visualization 실험.
• 성과: risk visualization과 user perception을 평가.
• 결론/한계: 실험 robot은 virtual scenario; 실제 physical robot 사고 실증으로 해석하면 안 됨.
• 범위 해석: 주된 기여는 XR–robot interface, teleoperation, HRI 또는 safety 지원이며, 해당 구현의 존재 자체가 security vulnerability를 의미하지는 않음.",INHERITED_NOT_REVALIDATED,
SEED055,3. XR · ROS · Robot / HRI,AR-HRC Situational Awareness,https://arxiv.org/html/2609.01461v1,arXiv'26,Mid,"• 문제: AR interface가 mobile interface보다 robot/environment 상황 인식을 실제로 향상하는지 불명확.
• 방법: 30명 비교 study로 situational awareness levels 평가.
• 성과: robot perception-level awareness 일부 개선, 고차원 이해·environment awareness는 뚜렷한 개선 없음.
• 결론/한계: ROS 사용은 확인하지 못했고 AR이 항상 더 안전하다는 근거가 아님.
• 범위 해석: 주된 기여는 XR–robot interface, teleoperation, HRI 또는 safety 지원이며, 해당 구현의 존재 자체가 security vulnerability를 의미하지는 않음.",INHERITED_NOT_REVALIDATED,
SEED056,3. XR · ROS · Robot / HRI,Let's Meet and Work it Out,https://www.bouzbib.com/lets-meet-and-work-it-out/,IEEE VR'22,Low,"• 문제: encountered-type haptic device의 failure mode를 체계적으로 파악하고 mitigation할 필요.
• 방법: FMEA 관점의 failure-mode 분석.
• 성과: 'FMEA를 XR haptics에 처음 적용' 같은 단순 아이디어는 이미 존재함을 확인.
• 결론/한계: 조사 당시 전체 PDF 접근이 제한되어 상세 한계는 미추출.
• 범위 해석: 주된 기여는 XR–robot interface, teleoperation, HRI 또는 safety 지원이며, 해당 구현의 존재 자체가 security vulnerability를 의미하지는 않음.",INHERITED_NOT_REVALIDATED,
SEED057,3. XR · ROS · Robot / HRI,AR–ROS2 Sensor Streaming,https://arxiv.org/html/2609.31396v1,Thesis/Preprint'26,Low,"• 문제: AR device sensor stream을 ROS 2 HRC/SLAM에 통합하는 실용 pipeline 필요.
• 방법: Magic Leap 계열 sensor/video/gaze/IMU/coordinate transform을 ROS 2로 stream하고 SLAM에 검증.
• 성과: XR→ROS sensor streaming·bandwidth·좌표 변환의 실제 구현 근거 제공.
• 결론/한계: 학부 thesis 수준이며 security contribution은 아님.
• 범위 해석: 주된 기여는 XR–robot interface, teleoperation, HRI 또는 safety 지원이며, 해당 구현의 존재 자체가 security vulnerability를 의미하지는 않음.",INHERITED_NOT_REVALIDATED,
SEED058,4. ROS Security · Runtime Verification · Tracing,Secure ROS2 Analysis,https://geleideng.github.io/publication/ros2-security/ros2-security.pdf,CCS'22,High,"• 문제: SROS2/DDS Security의 authentication·encryption·access control이 켜져 있어도 실제 ROS 2 deployment가 기대한 security guarantee를 항상 제공하는지 불명확함.
• 방법: ROS 2 security architecture와 policy/deployment configuration을 공격 관점에서 분석하고 실험적으로 약점을 검증함.
• 평가/성과: secure ROS2의 구성·배치·권한 모델에서 실제 공격면이 발생할 수 있음을 보여 후속 multi-tenant 연구의 기준점을 제공함.
• 의의: 'TLS/SROS2만 켜면 끝' 또는 반대로 'SROS2는 무의미'와 같은 단순 주장을 피하게 하는 핵심 ROS security baseline.
• 결론/한계: 특정 deployment/configuration을 분석한 연구이며, 모든 ROS 2 시스템이 같은 방식으로 취약하다고 일반화할 수 없음.",INHERITED_NOT_REVALIDATED,L16
SEED059,4. ROS Security · Runtime Verification · Tracing,Multi-Tenant ROS2,https://www.weisongshi.org/papers/xia25-ICRA.pdf,ICRA'25,Mid,"• 문제: 여러 tenant/node가 하나의 ROS2 deployment를 공유할 때 enclave–node binding, shared topic, bridge가 security boundary를 약화할 수 있음.
• 방법: multi-tenant ROS2 배치 위협을 분석하고 실증.
• 성과: 단순 'bridge에 auth 추가'보다 실제 ROS2 principal/deployment 문제를 구체화.
• 결론/한계: XR-specific 문제는 아니며 모든 bridge가 동일하게 취약하다고 일반화하면 안 됨.
• 범위 해석: XR에 한정되지 않는 일반 ROS/ROS 2 보안·관측·검증 방법으로, XR–ROS 연구의 강한 baseline 및 반증 수단으로 사용 가능함.",INHERITED_NOT_REVALIDATED,
SEED060,4. ROS Security · Runtime Verification · Tracing,ROSMonitoring,https://unige.iris.cineca.it/bitstream/11567/1035245/1/ROSMonitoring_ICRA2020.pdf,TAROS/ICRA-era'20,Mid,"• 문제: ROS node 사이 topic message가 runtime property를 위반하는지 실행 중 확인할 방법 필요.
• 방법: user-defined monitor/property로 ROS message를 runtime inspection하고 결과에 따라 대응.
• 성과: topic-level runtime verification의 대표 baseline.
• 결론/한계: 후속 ROSMonitoring2.0이 services·ordered topics로 확장. 단순 message filtering은 novelty가 아님.
• 범위 해석: XR에 한정되지 않는 일반 ROS/ROS 2 보안·관측·검증 방법으로, XR–ROS 연구의 강한 baseline 및 반증 수단으로 사용 가능함.",INHERITED_NOT_REVALIDATED,
SEED061,4. ROS Security · Runtime Verification · Tracing,ROSMonitoring 2.0,https://arxiv.org/pdf/2411.14367,FMAS'24,High,"• 문제: 초기 ROSMonitoring은 topic message 중심이라 service interaction이나 메시지의 ordering/관계를 충분히 표현하기 어려움.
• 방법: runtime monitor가 service communication과 ordered topic relation을 다룰 수 있도록 specification/execution model을 확장함.
• 평가/성과: 로봇 실행 중 단일 값뿐 아니라 여러 event의 순서·관계를 검사할 수 있는 runtime-verification 범위를 확대함.
• 의의: XR→ROS 계층에서 '메시지를 검사하고 조건 위반 시 대응한다'는 아이디어 자체가 신규하지 않음을 보여주는 핵심 baseline.
• 결론/한계: 논문 당시 actions, richer timing, ROS2 support 등의 후속 범위가 있었지만 이를 단순 추가 구현하는 것만으로 XR-specific novelty가 되지는 않음.",INHERITED_NOT_REVALIDATED,L19
SEED062,4. ROS Security · Runtime Verification · Tracing,RIPS,https://arxiv.org/html/2407.06669v1,RAS'25,High,"• 문제: robot security monitor가 intrusion을 탐지해도 물리 robot이 이미 위험 행동을 계속한다면 cyber detection만으로 충분하지 않음.
• 방법: ROS 2 graph/message/system events를 규칙으로 감시하고 security event를 robot의 safe operating mode 전환과 연결하는 RIPS 구조를 제안함.
• 평가/성과: authentication·encryption이 존재하는 환경에서도 compromised legitimate node를 포함한 공격을 고려하고 security–safety response를 결합함.
• 의의: '보안 이상 탐지 후 robot을 안전 모드로 전환한다'는 아이디어의 강한 선행연구.
• 결론/한계: monitor가 관측할 수 있는 통신·배치 가정을 가지며 XR-specific semantic observation 문제를 직접 해결하지는 않음.",INHERITED_NOT_REVALIDATED,L33
SEED063,4. ROS Security · Runtime Verification · Tracing,Implementing RIPS,https://arxiv.org/html/2412.19272v1,arXiv'24,Mid,"• 문제: RIPS 개념을 실제 ROS 2에서 구현 가능한지 구체화 필요.
• 방법: rips/ripspy 구현, ROS 2 security 설정과 rule processing, response path 구성.
• 성과: monitoring cost·deployment assumption을 실무 수준으로 드러냄.
• 결론/한계: 동일 multicast/message observability 등 명시적 가정이 존재.
• 범위 해석: XR에 한정되지 않는 일반 ROS/ROS 2 보안·관측·검증 방법으로, XR–ROS 연구의 강한 baseline 및 반증 수단으로 사용 가능함.",INHERITED_NOT_REVALIDATED,
SEED064,4. ROS Security · Runtime Verification · Tracing,SOTER on ROS,https://arxiv.org/abs/2008.09707,RV'20,Mid,"• 문제: complex autonomy component가 실패해도 safety controller로 fallback할 runtime assurance 필요.
• 방법: advanced controller와 verified/simple safety controller 사이 switching architecture.
• 성과: ROS에서 runtime assurance를 적용하는 대표 baseline.
• 결론/한계: 새 XR input validator와는 다른 층이지만 '문제 시 fallback' 자체는 기존 기법.
• 범위 해석: XR에 한정되지 않는 일반 ROS/ROS 2 보안·관측·검증 방법으로, XR–ROS 연구의 강한 baseline 및 반증 수단으로 사용 가능함.",INHERITED_NOT_REVALIDATED,
SEED065,4. ROS Security · Runtime Verification · Tracing,Safe-ROS,https://arxiv.org/html/2511.14433v1,FMAS / preprint'25,Mid,"• 문제: safety-critical robot에서 autonomy를 신뢰 가능한 safety function과 분리해 검증할 필요.
• 방법: 독립된 safety architecture와 internal decision validation 구성.
• 성과: component isolation/runtime safety의 강한 baseline.
• 결론/한계: perception error, message delay, actuator uncertainty가 보장 범위 밖이라고 명시; 전체 system composition guarantee와 구분.
• 범위 해석: XR에 한정되지 않는 일반 ROS/ROS 2 보안·관측·검증 방법으로, XR–ROS 연구의 강한 baseline 및 반증 수단으로 사용 가능함.",INHERITED_NOT_REVALIDATED,L21
SEED066,4. ROS Security · Runtime Verification · Tracing,Privaros,https://www.csa.iisc.ac.in/~vg/papers/ccs2020/ccs2020_html/,CCS'20,Mid,"• 문제: ROS-based robot/drone 앱의 data flow가 privacy policy를 위반할 수 있음.
• 방법: OS/AppArmor·ROS boundary에서 information-flow policy를 enforce.
• 성과: robot app data-flow enforcement의 강한 precedent.
• 결론/한계: XR semantic state와 연결된 연구는 아니며 인증 이후 flow-control 비교군으로 사용.
• 범위 해석: XR에 한정되지 않는 일반 ROS/ROS 2 보안·관측·검증 방법으로, XR–ROS 연구의 강한 baseline 및 반증 수단으로 사용 가능함.",INHERITED_NOT_REVALIDATED,L36
SEED067,4. ROS Security · Runtime Verification · Tracing,ros2_tracing,https://arxiv.org/abs/2201.00393,RA-L/ROS2 tracing'22,Mid,"• 문제: ROS 2 runtime의 executor/callback/communication latency를 low-overhead로 관측할 tracing infrastructure 필요.
• 방법: LTTng 기반 ROS 2 tracing instrumentation 제공.
• 성과: low-overhead trace와 performance analysis의 기반이 됨.
• 결론/한계: tracing 자체가 security provenance를 자동 제공하는 것은 아님.
• 범위 해석: XR에 한정되지 않는 일반 ROS/ROS 2 보안·관측·검증 방법으로, XR–ROS 연구의 강한 baseline 및 반증 수단으로 사용 가능함.",INHERITED_NOT_REVALIDATED,
SEED068,4. ROS Security · Runtime Verification · Tracing,Message Flow Analysis,https://arxiv.org/pdf/2204.10208,RAS'23,Mid,"• 문제: distributed ROS 2에서 callback/message causal chain, indirect/many-to-many 관계를 복원하기 어려움.
• 방법: tracing + annotation을 이용해 complex causal links를 분석.
• 성과: direct뿐 아니라 indirect/many-to-many flow analysis를 지원.
• 결론/한계: XR–ROS provenance 연구에서 'ROS는 복잡한 causal link를 못 다룬다'는 주장을 막는 강한 baseline.
• 범위 해석: XR에 한정되지 않는 일반 ROS/ROS 2 보안·관측·검증 방법으로, XR–ROS 연구의 강한 baseline 및 반증 수단으로 사용 가능함.",INHERITED_NOT_REVALIDATED,
SEED069,4. ROS Security · Runtime Verification · Tracing,CompShield,https://www.jstage.jst.go.jp/article/transinf/E109.D/4/E109.D_2025EDL8037/_pdf,IEICE'26,Mid,"• 문제: ROS 2 composition/intra-process 실행에서 node attribution과 temporal/concurrency anomaly를 분리해 관측하기 어려움.
• 방법: intra-process tracing으로 node별 event attribution과 anomaly detection.
• 성과: shared process에서도 finer-grained runtime attribution을 제공.
• 결론/한계: XR-specific monitor는 아니며 eBPF만 사용한다는 점은 novelty가 아님.
• 범위 해석: XR에 한정되지 않는 일반 ROS/ROS 2 보안·관측·검증 방법으로, XR–ROS 연구의 강한 baseline 및 반증 수단으로 사용 가능함.",INHERITED_NOT_REVALIDATED,
SEED070,4. ROS Security · Runtime Verification · Tracing,ROMoSu,https://rose-workshops.github.io/files/rose2023/papers/RoSE2023_paper_3.pdf,RoSE'23,Mid,"• 문제: ROS monitoring 대상·빈도·구성을 workload에 맞춰 유연하게 관리할 필요.
• 방법: flexible monitoring configuration/support framework.
• 성과: '중요 event만 모니터링' 자체가 이미 연구된 방향임을 보여줌.
• 결론/한계: 조사 당시 전문 접근 제한, 세부 성능 한계는 단정하지 않음.
• 범위 해석: XR에 한정되지 않는 일반 ROS/ROS 2 보안·관측·검증 방법으로, XR–ROS 연구의 강한 baseline 및 반증 수단으로 사용 가능함.",INHERITED_NOT_REVALIDATED,
SEED071,4. ROS Security · Runtime Verification · Tracing,Edge–Cloud Monitor Orchestration,https://iris.univr.it/handle/11562/1160249,ACM TECS'26,Low,"• 문제: robot monitor의 computation/latency를 edge/cloud에 어떻게 배치할지 결정 필요.
• 방법: assertion-based monitor synthesis/orchestration과 offloading.
• 성과: monitor 이동/분산 자체가 기존 아이디어임을 보여줌.
• 결론/한계: 조사 당시 기관 기록/초록 중심; 세부 limitation은 미확정.
• 범위 해석: XR에 한정되지 않는 일반 ROS/ROS 2 보안·관측·검증 방법으로, XR–ROS 연구의 강한 baseline 및 반증 수단으로 사용 가능함.",INHERITED_NOT_REVALIDATED,
SEED072,4. ROS Security · Runtime Verification · Tracing,Rational Multi-Monitors,https://iris.unimore.it/retrieve/handle/11380/1388500/962762/FAIA-413-FAIA250983.pdf,ECAI'25,Mid,"• 문제: partial observation·resource constraint 아래 여러 monitor가 정보를 공유하며 판단해야 함.
• 방법: rational multi-monitor model로 observation/communication trade-off를 formalize.
• 성과: constrained monitoring과 unknown/incomplete information 처리의 비교 기준.
• 결론/한계: XR/ROS 전용은 아니지만 deadline-aware monitoring 연구에서 강한 반례.
• 범위 해석: XR에 한정되지 않는 일반 ROS/ROS 2 보안·관측·검증 방법으로, XR–ROS 연구의 강한 baseline 및 반증 수단으로 사용 가능함.",INHERITED_NOT_REVALIDATED,
SEED073,4. ROS Security · Runtime Verification · Tracing,RoboFuzz,https://seulbae-security.github.io/pubs/robofuzz-fse22.pdf,ESEC/FSE'22,High,"• 문제: ROS robot testing이 crash·memory error에만 집중하면 물리 세계에서 의미적으로 잘못된 행동을 놓칠 수 있음.
• 방법: ROS message를 변형·생성하고 robotics-specific correctness oracle을 이용해 semantic/physical bug를 탐색함.
• 평가/성과: 유효한 형식의 message를 사용하면서도 robot-level correctness violation을 찾을 수 있음을 실증함.
• 의의: XR input을 fuzzing source로 추가하는 것만으로는 새로운 연구가 되지 않으며, 새로운 state model/oracle/search strategy가 필요함을 보여주는 baseline.
• 결론/한계: XR interaction context는 직접 다루지 않음.",INHERITED_NOT_REVALIDATED,
SEED074,4. ROS Security · Runtime Verification · Tracing,R2D2,https://2024.issta.org/details/issta-2024-papers/7/Enhancing-ROS-System-Fuzzing-through-Callback-Tracing,ISSTA'24,Mid,"• 문제: ROS callback structure를 고려하지 않는 fuzzing은 실행 경로 탐색 효율이 낮음.
• 방법: callback tracing을 이용해 ROS fuzzing을 향상.
• 성과: RoboFuzz 계열의 후속 발전으로 확인.
• 결론/한계: 조사 당시 공식 초록 중심, 세부 limitation은 미확인.
• 범위 해석: XR에 한정되지 않는 일반 ROS/ROS 2 보안·관측·검증 방법으로, XR–ROS 연구의 강한 baseline 및 반증 수단으로 사용 가능함.",INHERITED_NOT_REVALIDATED,
SEED075,4. ROS Security · Runtime Verification · Tracing,Adaptive Bridge,https://arxiv.org/abs/2608.15380,arXiv'26,Low,"• 문제: distributed robot/fleet 통신에서 느린 consumer, queue growth, network variation을 완화할 bridge 필요.
• 방법: rate limiting, bounded queue, adaptive forwarding 등 bridge-level control.
• 성과: '느린 XR observer를 격리한다' 같은 아이디어의 직접 비교군.
• 결론/한계: 조사 당시 README 중심으로 성능 주장을 독립 검증하지 않음.
• 범위 해석: XR에 한정되지 않는 일반 ROS/ROS 2 보안·관측·검증 방법으로, XR–ROS 연구의 강한 baseline 및 반증 수단으로 사용 가능함.",INHERITED_NOT_REVALIDATED,
SEED076,4. ROS Security · Runtime Verification · Tracing,Robofleet,https://arxiv.org/abs/2103.06993,arXiv'21,Low,"• 문제: 다수 robot의 scalable communication/management 필요.
• 방법: fleet messaging, queueing/rate control architecture.
• 성과: robot communication path separation와 scalability의 기존 baseline.
• 결론/한계: XR-specific security는 아님.
• 범위 해석: XR에 한정되지 않는 일반 ROS/ROS 2 보안·관측·검증 방법으로, XR–ROS 연구의 강한 baseline 및 반증 수단으로 사용 가능함.",INHERITED_NOT_REVALIDATED,
SEED077,5. Teleoperation · Traffic Analysis · Safety/Security,Robot Traffic Fingerprinting,https://arxiv.org/html/2312.06802v3,arXiv'23→'25,Mid,"• 문제: payload encryption이 있어도 collaborative robot의 traffic size/timing으로 action/workload를 추론할 수 있는가.
• 방법: encrypted robot traffic의 packet metadata에서 task/action fingerprinting을 평가.
• 성과: traffic-analysis privacy risk와 padding/defense 논의를 제시.
• 결론/한계: XR multi-flow/different deadline 문제와는 별도; 직접 후속 관계로 과장하지 않음.
• 범위 해석: network/control/cryptography/teleoperation 가정이 논문마다 다르므로, XR feedback·ROS execution 문제와 동일한 공격 모델인지 별도로 확인해야 함.",INHERITED_NOT_REVALIDATED,
SEED078,5. Teleoperation · Traffic Analysis · Safety/Security,Joint-Level Encrypted Traffic Attack,https://doi.org/10.1016/j.cose.2026.105018,Computers & Security'26,High,"• 문제: payload를 암호화한 robot network에서도 packet size/timing metadata만으로 robot의 세부 joint-level controller action을 추론할 수 있는지 정량화할 필요가 있음.
• 방법: encrypted robot traffic에 대한 empirical inference attack과 information-theoretic leakage bound를 결합하고 padding 계열 defense와 비교함.
• 평가/성과: 암호화 이후에도 traffic metadata가 robot control behavior를 누출할 수 있다는 최신 직접 근거를 제공함.
• 의의: XR–ROS traffic-analysis 방어를 연구할 경우 가장 먼저 대조해야 하는 직접 경쟁 연구 중 하나.
• 결론/한계: 조사 당시 공개 초록 수준으로 확인한 부분이 있어 세부 defense/latency 범위는 전문 대조 전 확정하면 안 됨.",INHERITED_NOT_REVALIDATED,
SEED079,5. Teleoperation · Traffic Analysis · Safety/Security,Affine FDIA,https://arxiv.org/abs/2405.11047,RA-L'24,Mid,"• 문제: remote manipulator의 detector를 우회하면서 control signal을 변형하는 FDI가 가능한가.
• 방법: kinematic/control 구조의 affine symmetry를 이용한 perfectly-undetectable FDIA 설계.
• 성과: 단순 좌표 scale/reflect attack은 이미 강한 선행 연구가 있음을 보여줌.
• 결론/한계: XR UI-specific attack은 아니나 feedback/command mismatch 후보의 반례.
• 범위 해석: network/control/cryptography/teleoperation 가정이 논문마다 다르므로, XR feedback·ROS execution 문제와 동일한 공격 모델인지 별도로 확인해야 함.",INHERITED_NOT_REVALIDATED,L24
SEED080,5. Teleoperation · Traffic Analysis · Safety/Security,Encrypted Bilateral Teleop FDIA,https://arxiv.org/html/2409.13061v1,ICRA'25,Mid,"• 문제: encrypted bilateral teleoperation에서도 cryptographic malleability/dynamic symmetry를 이용해 detector를 우회할 수 있는가.
• 방법: encrypted control loop의 동역학 대칭을 활용한 FDI.
• 성과: 암호화가 곧 semantic integrity를 보장하지 않음을 특정 crypto/control setting에서 실증.
• 결론/한계: 동형암호/특정 암호 설정의 결과를 TLS/AEAD 전체로 일반화하면 안 됨.
• 범위 해석: network/control/cryptography/teleoperation 가정이 논문마다 다르므로, XR feedback·ROS execution 문제와 동일한 공격 모델인지 별도로 확인해야 함.",INHERITED_NOT_REVALIDATED,L25
SEED081,5. Teleoperation · Traffic Analysis · Safety/Security,Teleop FDIA Defense,https://www.biorobotics.gatech.edu/wp/ieee-tmech-defense-mechanisms-against-undetectable-cyberattacks-on-encrypted-telerobotic-control-systems/,IEEE/ASME TMECH'25,Mid,"• 문제: 앞선 undetectable teleoperation FDIA에 대한 실제 방어 필요.
• 방법: encrypted telerobotic control의 공격 탐지/완화 defense mechanism 제안.
• 성과: '가짜 feedback 공격은 방어가 없다'는 주장을 부정하는 최신 비교군.
• 결론/한계: 조사 당시 저자 초록 중심, 상세 residual gap은 미확인.
• 범위 해석: network/control/cryptography/teleoperation 가정이 논문마다 다르므로, XR feedback·ROS execution 문제와 동일한 공격 모델인지 별도로 확인해야 함.",INHERITED_NOT_REVALIDATED,L26
SEED082,5. Teleoperation · Traffic Analysis · Safety/Security,Operator-Aware Teleop Defense,https://ietresearch.onlinelibrary.wiley.com/doi/10.1049/cth2.70158,IET CTA'26,Mid,"• 문제: operator feedback까지 고려해 encrypted bilateral teleoperation FDI를 detect/cancel할 필요.
• 방법: operator-aware detection 가능성 지표와 cancellation mechanism을 제안.
• 성과: feedback–execution mismatch/teleoperation security 후보의 최신 직접 경쟁 범위.
• 결론/한계: 조사 당시 초록·서지; 직접 경쟁으로 수렴할 경우 전문 확인 필수.
• 범위 해석: network/control/cryptography/teleoperation 가정이 논문마다 다르므로, XR feedback·ROS execution 문제와 동일한 공격 모델인지 별도로 확인해야 함.",INHERITED_NOT_REVALIDATED,
SEED083,5. Teleoperation · Traffic Analysis · Safety/Security,Adaptive Virtual Fixtures,https://portal.fis.tum.de/en/publications/a-probabilistic-approach-to-multi-modal-adaptive-virtual-fixtures/,RA-L'24,Mid,"• 문제: teleoperation assistance가 하나의 고정 fixture/uncertainty assumption에 의존하면 다양한 task에 부적절.
• 방법: probabilistic multi-modal virtual fixture로 assistance를 adaptive하게 조절.
• 성과: uncertainty-aware shared control의 강한 baseline.
• 결론/한계: '불확실성을 고려해 보조한다'는 일반 아이디어는 이미 연구됨.
• 범위 해석: network/control/cryptography/teleoperation 가정이 논문마다 다르므로, XR feedback·ROS execution 문제와 동일한 공격 모델인지 별도로 확인해야 함.",INHERITED_NOT_REVALIDATED,
SEED084,5. Teleoperation · Traffic Analysis · Safety/Security,Unified Probabilistic VFs,https://arxiv.org/html/2506.10239v1,arXiv'25,Mid,"• 문제: dynamic/trajectory/vision-based fixture를 서로 다른 구현으로 관리하면 일관된 arbitration이 어려움.
• 방법: probabilistic framework로 여러 fixture·automation level을 통합.
• 성과: uncertainty 및 multi-objective shared control을 하나의 framework에서 처리.
• 결론/한계: hyperparameter tuning, DoF별 epistemic uncertainty 등 한계가 명시됨.
• 범위 해석: network/control/cryptography/teleoperation 가정이 논문마다 다르므로, XR feedback·ROS execution 문제와 동일한 공격 모델인지 별도로 확인해야 함.",INHERITED_NOT_REVALIDATED,
SEED085,5. Teleoperation · Traffic Analysis · Safety/Security,Human Behavior Anonymization,https://eprints.gla.ac.uk/382112/,IEEE TIFS'26,Mid,"• 문제: teleoperation trajectory/behavior data가 사용자 식별을 노출할 수 있어 privacy와 control utility를 함께 보존할 필요.
• 방법: human behavior anonymization을 적용해 reconstructed trajectory에서 privacy/utility를 평가.
• 성과: '원격조작 행동 익명화' 자체는 이미 직접 다뤄진 분야임을 확인.
• 결론/한계: 공개 초록상 offline reconstructed trajectories 평가; 실시간 closed-loop safety는 별도 검증 필요.
• 범위 해석: network/control/cryptography/teleoperation 가정이 논문마다 다르므로, XR feedback·ROS execution 문제와 동일한 공격 모델인지 별도로 확인해야 함.",INHERITED_NOT_REVALIDATED,
SEED086,5. Teleoperation · Traffic Analysis · Safety/Security,PPCA,https://research.tue.nl/en/publications/ppca-privacy-preserving-collision-avoidance-for-autonomous-unmann/,IEEE TDSC'23,Low,"• 문제: UAV collision avoidance에 필요한 위치 정보와 privacy를 동시에 보존해야 함.
• 방법: privacy-preserving collision avoidance protocol 설계.
• 성과: safety를 유지하는 최소 정보 공유 연구의 인접 강한 비교군.
• 결론/한계: UAV 분야이며 XR/ROS teleoperation과 threat model이 다름.
• 범위 해석: network/control/cryptography/teleoperation 가정이 논문마다 다르므로, XR feedback·ROS execution 문제와 동일한 공격 모델인지 별도로 확인해야 함.",INHERITED_NOT_REVALIDATED,
SEED087,5. Teleoperation · Traffic Analysis · Safety/Security,TFPD / Seeing Less...,https://arxiv.org/abs/2609.03055,arXiv'26,Low,"• 문제: robot perception에서 task-scoped/derived data만 노출해도 privacy leakage와 task utility trade-off가 남을 수 있음.
• 방법: task-focused perception disclosure(TFPD)와 linkage/privacy/utility 평가.
• 성과: '필요한 파생정보만 주면 안전하다'는 단순 가정을 반박하는 인접 근거.
• 결론/한계: AI2-THOR 기반이며 XR/multi-app/realtime teleoperation 적용은 별도 검증 필요.
• 범위 해석: network/control/cryptography/teleoperation 가정이 논문마다 다르므로, XR feedback·ROS execution 문제와 동일한 공격 모델인지 별도로 확인해야 함.",INHERITED_NOT_REVALIDATED,
SEED088,6. eBPF · Kernel Runtime Security,bpfbox,https://ccsw.io/2020/toc.html,CCSW'20,Mid,"• 문제: SELinux/AppArmor/namespace 조합은 ad-hoc process confinement에 복잡하고 경직될 수 있음.
• 방법: eBPF를 function/syscall/LSM/kernel boundaries에 붙여 간단한 policy language로 process confinement.
• 성과: kernel-level programmable confinement이 실용 가능함을 보임.
• 결론/한계: XR semantic context는 없으며 eBPF 사용 자체는 novelty가 아님.
• 범위 해석: eBPF/LSM 및 kernel mechanism 자체는 이미 성숙한 연구 축이며, 이를 XR에 적용했다는 사실만으로는 신규성이 성립하지 않음.",INHERITED_NOT_REVALIDATED,
SEED089,6. eBPF · Kernel Runtime Security,BPFContain,https://arxiv.org/abs/2102.06972,arXiv'21,Mid,"• 문제: container isolation policy가 여러 mechanism에 흩어져 일관된 security semantics 제공이 어려움.
• 방법: eBPF/LSM 기반 container-aware policy enforcement와 YAML policy language.
• 성과: runtime kernel instrumentation으로 container confinement 구현.
• 결론/한계: container 의미론이지 XR runtime semantic은 아님.
• 범위 해석: eBPF/LSM 및 kernel mechanism 자체는 이미 성숙한 연구 축이며, 이를 XR에 적용했다는 사실만으로는 신규성이 성립하지 않음.",INHERITED_NOT_REVALIDATED,
SEED090,6. eBPF · Kernel Runtime Security,Programmable Syscall Security,https://arxiv.org/abs/2302.10366,arXiv'23,Mid,"• 문제: seccomp/cBPF의 정적 allow-list는 stateful/advanced syscall policy 표현력이 부족.
• 방법: seccomp용 eBPF program type과 helper/state/synchronization을 확장.
• 성과: temporal specialization 등 고급 정책을 표현하고 일부 workload에서 filter 효율·attack surface 개선.
• 결론/한계: syscall-level mechanism으로 XR semantic mapping은 별도 문제.
• 범위 해석: eBPF/LSM 및 kernel mechanism 자체는 이미 성숙한 연구 축이며, 이를 XR에 적용했다는 사실만으로는 신규성이 성립하지 않음.",INHERITED_NOT_REVALIDATED,
SEED091,6. eBPF · Kernel Runtime Security,SafeBPF,https://spg.cs.ubc.ca/publication/2024-ccsw/,CCSW'24,Mid,"• 문제: eBPF verifier/memory-safety bug가 privileged eBPF kernel extension의 위험을 키움.
• 방법: SFI와 ARM MTE 기반 isolation으로 eBPF program을 kernel에서 격리.
• 성과: macrobenchmark 기준 최대 약 4% overhead로 defense-in-depth 제공.
• 결론/한계: eBPF 자체 안전성 연구이며 XR policy logic은 다루지 않음.
• 범위 해석: eBPF/LSM 및 kernel mechanism 자체는 이미 성숙한 연구 축이며, 이를 XR에 적용했다는 사실만으로는 신규성이 성립하지 않음.",INHERITED_NOT_REVALIDATED,
SEED092,6. eBPF · Kernel Runtime Security,eBPF Subsystem Security,https://www.ssrg.ece.vt.edu/papers/apsys23.pdf,APSys'23,Low,"• 문제: verifier를 포함한 eBPF subsystem 자체가 memory-safety/security bug를 가질 수 있음.
• 방법: CVE/root cause 분석 + verifier fuzzing.
• 성과: 기존 ALU range-tracking bugs 재발견, verifier attack surface를 체계화.
• 결론/한계: eBPF를 trusted enforcement substrate로 쓸 때 고려할 기반 위험.
• 범위 해석: eBPF/LSM 및 kernel mechanism 자체는 이미 성숙한 연구 축이며, 이를 XR에 적용했다는 사실만으로는 신규성이 성립하지 않음.",INHERITED_NOT_REVALIDATED,
SEED093,6. eBPF · Kernel Runtime Security,Cross Container eBPF Attacks,https://www.usenix.org/conference/usenixsecurity23/presentation/he,USENIX Sec.'23,Low,"• 문제: eBPF의 강력한 tracing/privileged features가 container isolation을 넘어 다른 container/host를 공격할 수 있음.
• 방법: real-world cloud/container services에서 eBPF cross-container attacks를 실증하고 permission model 제안.
• 성과: 여러 cloud shell/Jupyter/Kubernetes 환경의 실제 영향 보고.
• 결론/한계: eBPF enforcement를 설계할 때 eBPF itself의 privilege/boundary를 별도로 신뢰해야 함.
• 범위 해석: eBPF/LSM 및 kernel mechanism 자체는 이미 성숙한 연구 축이며, 이를 XR에 적용했다는 사실만으로는 신규성이 성립하지 않음.",INHERITED_NOT_REVALIDATED,
SEED094,6. eBPF · Kernel Runtime Security,Blockaid,https://www.usenix.org/conference/osdi22/presentation/zhang,OSDI'22,Low,"• 문제: 기존 web data-access enforcement가 app semantics를 바꾸거나 새 programming model을 요구.
• 방법: DB query를 intercept해 SMT로 policy compliance를 검증하고 non-compliant query 차단.
• 성과: 기존 web app에 낮은 수정 비용으로 runtime policy enforcement 제공.
• 결론/한계: XR/ROS/eBPF 논문은 아니지만 'semantic policy→runtime enforcement' 설계 비교용 배경.
• 범위 해석: eBPF/LSM 및 kernel mechanism 자체는 이미 성숙한 연구 축이며, 이를 XR에 적용했다는 사실만으로는 신규성이 성립하지 않음.",INHERITED_NOT_REVALIDATED,
