id,title,kind,edition,read_level,url,locator,claim,taxonomy_ids,checked_on,limitations_review
L01,OpenXR action synchronization,STANDARD,1.1 / live man page,SECTION_READ,https://registry.khronos.org/OpenXR/specs/1.1/man/html/xrSyncActions.html,Description: not-focused / inactive action rules,초점 밖 action 비활성 규칙의 기준; robot stop 정책 자체는 아님,"T2,T3",2026-10-02,NOT_EXTRACTED
L02,OpenXR space location flags,STANDARD,1.1 / live man page,SECTION_READ,https://registry.khronos.org/OpenXR/specs/1.1/man/html/XrSpaceLocationFlagBits.html,Description: VALID vs TRACKED bits,유효한 추정 위치와 실제 추적 위치 구분,T1,2026-10-02,NOT_EXTRACTED
L03,OpenXR reference-space change event,STANDARD,1.1 / live man page,SECTION_READ,https://registry.khronos.org/OpenXR/specs/1.1/man/html/XrEventDataReferenceSpaceChangePending.html,Description: changeTime / poseInPreviousSpace,원점 변화의 효력 시각과 이전 공간 관계,"T5,T4",2026-10-02,NOT_EXTRACTED
L04,ROS 2 Robotic Systems Threat Model,OFFICIAL_MODEL,2019; modified 2021,SECTION_READ,https://design.ros2.org/articles/ros2_threat_model.html,Scope; actors/assets/entry points; TurtleBot3/MARA,신뢰 경계·공격자·기밀성·무결성·가용성 구조의 출발점,"T7,T11,T12,T13,T15",2026-10-02,EXTRACTED
L05,ROS 2 DDS-Security integration,OFFICIAL_DESIGN,2019 design / live page,SECTION_READ,https://design.ros2.org/articles/ros2_dds_security.html,Authentication; access control; cryptography,DDS hop의 인증·권한·암호화 baseline; 별도 XR hop은 확인 필요,"T7,T12,T13,T15",2026-10-02,NOT_EXTRACTED
L06,SoK: Come Together — MR Deception Attack Ontology & Analysis Framework,SOK,USENIX Security 2025,SECTION_READ,https://www.usenix.org/system/files/usenixsecurity25-teymourian.pdf,§4–5; §9 Limitations; §10,기만을 정보 전달·인지·판단 경로로 분류; ROS 적용은 새 검증 질문,"T9,T14",2026-10-02,EXTRACTED
L07,SoK: Data Privacy in Virtual Reality,SOK,PoPETs 2024(1); arXiv v2,SECTION_READ,https://arxiv.org/html/2301.05940v2,§7 RQ9; §8–9 opportunities/future work,데이터·공격자·보호 방식의 분류; 최신 후속 연구와 구분,"T12,T14",2026-10-02,EXTRACTED
L08,SoK: Cybersecurity Assessment of Humanoid Ecosystem,SOK,arXiv 2508.17481 v2,SECTION_READ,https://arxiv.org/html/2508.17481v2,Abstract; methodology; layer/matrix model,7계층·공격×방어 matrix 선행; 점수와 XR 실증은 별개,"T11,T13,T15",2026-10-02,EXTRACTED
L09,Immersive Virtual Reality Attacks and the Human Joystick,ATTACK,TDSC 2021; DOI 2019,ABSTRACT_READ,https://digitalcommons.newhaven.edu/electricalcomputerengineering-facpubs/86/,Repository abstract; DOI 10.1109/TDSC.2019.2907942,chaperone·overlay·공간 조작으로 인간 이동에 영향; robot 전이 미검증,"T5,T14",2026-10-02,NOT_EXTRACTED
L10,Shadowed Realities: An Investigation of UI Attacks in WebXR,ATTACK_AND_GUIDELINES,USENIX Security 2025,SECTION_READ,https://www.usenix.org/system/files/usenixsecurity25-mukherjee.pdf,§8 Discussion & Limitations; input validation,UI와 입력 출처 조작; 단일 사용자 평가와 방어 지침,"T6,T9,T14",2026-10-02,EXTRACTED
L11,Principled and Automated Approach for Investigating AR/VR Attacks (REALITYCHECK),AUDIT_SYSTEM,USENIX Security 2025,SECTION_READ,https://www.usenix.org/system/files/usenixsecurity25-shoaib.pdf,§3 attack categories; §9 Discussion and Limitations,여러 계층 로그로 원인 재구성; 실시간 robot 집행과 구분,"T11,T14,T15",2026-10-02,EXTRACTED
L12,OVRseen: Auditing Network Traffic and Privacy Policies in Oculus VR,AUDIT_SYSTEM,USENIX Security 2022,SECTION_READ,https://www.usenix.org/system/files/sec22-trimananda.pdf,§7 Limitations and future directions,앱·자료·목적지 흐름과 정책의 불일치 감사,T12,2026-10-02,EXTRACTED
L13,Erebus: Access Control for Augmented Reality Systems,DEFENSE_SYSTEM,USENIX Security 2023,SECTION_READ,https://www.usenix.org/system/files/usenixsecurity23-kim-yoonsang.pdf,§5 attribute assumptions; §8; Appendix A,ARCore 세밀한 데이터 접근 통제; 앱 포팅 평가,"T12,T15",2026-10-02,EXTRACTED
L14,"Unique Identification of 50,000+ VR Users from Head & Hand Motion Data",ATTACK,USENIX Security 2023,SECTION_READ,https://www.usenix.org/system/files/usenixsecurity23-nair-identification.pdf,§9.1 Limitations,동작으로 사용자 식별 가능; Beat Saber 결과의 teleop 외삽 금지,T12,2026-10-02,EXTRACTED
L15,To Make a Robot Secure: Cyber Security Threats Against Teleoperated Surgical Robots,ATTACK_AND_MITIGATION,arXiv 1504.04339 v2 / 2015,SECTION_READ,https://arxiv.org/pdf/1504.04339,§3 attacker; §4 experiments; abstract E-stop,명령·피드백·탈취 공격 구분; 기존 비상정지 기능 악용 선례,"T3,T9,T13",2026-10-02,EXTRACTED
L16,On the (In)Security of Secure ROS2,ATTACK_AND_ANALYSIS,CCS 2022,SECTION_READ,https://geleideng.github.io/publication/ros2-security/ros2-security.pdf,§4.4; §5.5; permission model,당시 ROS2 통신/권한 구현 분석; 현재 버전 취약 여부는 별도,"T7,T12,T15",2026-10-02,EXTRACTED
L17,A Security Analysis of the Data Distribution Service (DDS) Protocol,SECURITY_REPORT,Trend Micro et al.; 2021 disclosures,SECTION_READ,https://documents.trendmicro.com/assets/white_papers/wp-a-security-analysis-of-the-data-distribution-service-dds-protocol.pdf,Executive summary; §1.1; §6,DDS 발견·노출·DoS 등; 보고한 문제는 vendor patched/mitigated로 명시,"T12,T13,T15",2026-10-02,EXTRACTED
L18,Risk Analysis and Policy Enforcement of Function Interactions in Robot Apps (RTron),DEFENSE_SYSTEM,arXiv 2103.12365 v1 / 2021,SECTION_READ,https://arxiv.org/html/2103.12365v1,§2.3 Threat Model; risk/policy sections,노드 간 상호작용 분석과 coordination 정책 집행 선행,"T8,T10,T15",2026-10-02,EXTRACTED
L19,ROSMonitoring 2.0: Extending ROS RV to Services and Ordered Topics,DEFENSE_SYSTEM,FMAS 2024; arXiv v1,SECTION_READ,https://arxiv.org/html/2411.14367v1,§7 Conclusions and Future Work,서비스·발행 순서 모니터링; 범용 검사 표현 baseline,"T4,T10,T11",2026-10-02,EXTRACTED
L20,A Compositional Approach to Verifying Modular Robotic Systems (RCL/Vanda),DEFENSE_SYSTEM,arXiv 2208.05507 v4 / 2026 revision,SECTION_READ,https://arxiv.org/html/2208.05507v4,§3.6; §6 Conclusions and Future Work,assume–guarantee 계약과 monitor 생성; 단순 계약 도입은 선행,"T4,T8,T10,T11",2026-10-02,EXTRACTED
L21,Safe-ROS: An Architecture for Autonomous Robots in Safety-Critical Domains,DEFENSE_SYSTEM,FMAS 2025 / EPTCS 436,SECTION_READ,https://arxiv.org/pdf/2511.14433,§6 Discussion and Further Work,독립 safety oversight 구조; 종단간 물리 보장과 분리,"T3,T8,T11",2026-10-02,EXTRACTED
L22,Monitoring ROS2: from Requirements to Autonomous Robots (FRET/Ogma/Copilot),DEFENSE_SYSTEM,FMAS 2022 / arXiv v1,SECTION_READ,https://arxiv.org/html/2209.14030v1,§2.3; §3; §4,요구 명세에서 monitor 생성; 알림과 실제 차단은 구분,"T4,T10,T11",2026-10-02,EXTRACTED
L23,FlowTags: Enforcing Network-Wide Policies with Dynamic Middlebox Actions,DEFENSE_SYSTEM,NSDI 2014,ABSTRACT_READ,https://www.usenix.org/conference/nsdi14/technical-sessions/presentation/fayazbakhsh,Conference abstract,경계를 넘는 문맥 tag와 정책 집행의 선행 개념,"T4,T15",2026-10-02,NOT_EXTRACTED
L24,Affine Transformation-based Perfectly Undetectable FDIA on Remote Manipulator Kinematic Control,ATTACK,arXiv 2405.11047 v1 / RA-L 2024 line,SECTION_READ,https://arxiv.org/html/2405.11047v1,§II assumptions; §VI Conclusion,명령·관측의 공동 변형으로 detector 우회; 선형/정적 가정,"T5,T9",2026-10-02,EXTRACTED
L25,Perfectly Undetectable FDIA on Encrypted Bilateral Teleoperation based on Dynamic Symmetry and Malleability,ATTACK,arXiv 2409.13061 v1 / 2024,SECTION_READ,https://arxiv.org/html/2409.13061v1,§III ElGamal; §IV Conclusion,특정 동형암호와 동역학 대칭 공격; TLS/AEAD로 일반화 금지,"T9,T15",2026-10-02,EXTRACTED
L26,Defense Mechanisms Against Undetectable Cyberattacks on Encrypted Telerobotic Control Systems,DEFENSE_SYSTEM,TMECH 2025 / DOI 10.1109/TMECH.2025.3570933,ABSTRACT_READ,https://www.biorobotics.gatech.edu/wp/ieee-tmech-defense-mechanisms-against-undetectable-cyberattacks-on-encrypted-telerobotic-control-systems/,Author lab abstract; publication announcement,공동 FDI에 대한 후속 방어 존재 확인; 상세 보장·한계 미확인,"T9,T15",2026-10-02,NOT_EXTRACTED
L27,A Brief Survey of Telerobotic Time Delay Mitigation,SURVEY,Frontiers Robotics and AI 2020,SECTION_READ,https://www.frontiersin.org/journals/robotics-and-ai/articles/10.3389/frobt.2020.578805/full,Survey of prediction/display/control methods,연속 제어의 피드백 지연은 오래된 연구 축,"T4,T9",2026-10-02,NOT_EXTRACTED
L28,Open-TeleVision: Teleoperation with Immersive Active Visual Feedback,TELEOP_SYSTEM,arXiv 2407.01512 v1 / 2024,SECTION_READ,https://arxiv.org/html/2407.01512v1,Architecture; §5 Conclusion and Limitations,stereo feedback·active perception 데이터 경로 확장,"T6,T9,T12",2026-10-02,EXTRACTED
L29,Open Teach: A Versatile Teleoperation System for Robotic Manipulation,TELEOP_SYSTEM,arXiv 2403.07870 v1 / 2024,SECTION_READ,https://arxiv.org/html/2403.07870v1,Architecture; §VI Limitations and Discussion,Quest hand tracking→retarget/control; 가림·pinch 인식 오차 명시,"T1,T3,T6",2026-10-02,EXTRACTED
L30,Quest2ROS2: A ROS 2 Framework for Bi-manual VR Teleoperation,TELEOP_SYSTEM,arXiv 2601.18289 v1 / 2026,SECTION_READ,https://arxiv.org/html/2601.18289v1,Relative control; pause/resume; control modes,pause/reset 기능 이미 존재; focus 강제 정책으로 정상 운용을 왜곡하지 않음,"T3,T5,T6,T10",2026-10-02,EXTRACTED
L31,Joint trajectory controller documentation,OFFICIAL_DOC,ROS2 Control Jazzy / live 2026-10,SECTION_READ,https://control.ros.org/jazzy/doc/ros2_controllers/joint_trajectory_controller/doc/userdoc.html,Interfaces; preemption; trajectory handling,새 명령 차단과 실행 중 궤적 중단을 분리할 기준,"T3,T8,T11",2026-10-02,NOT_EXTRACTED
L32,message_filters and geometry2 official repositories,OFFICIAL_CODE_INDEX,Live repositories; version must be pinned in experiments,INDEX_READ,https://github.com/ros2/message_filters,README; paired geometry2 https://github.com/ros2/geometry2,시간 동기화와 tf2 기본 baseline; 세부 버전 동작은 후속 코드 감사,"T4,T5,T10",2026-10-02,NOT_EXTRACTED
L33,Towards a Robotic Intrusion Prevention System (RIPS),DEFENSE_SYSTEM,arXiv 2407.06669 / 2024,ABSTRACT_READ,https://arxiv.org/abs/2407.06669,Abstract; HTML/PDF retrieval blocked,안전·보안 집행의 비교 후보; 전체 구현 보장 확정하지 않음,"T8,T11,T13",2026-10-02,NOT_EXTRACTED
L34,XRobotAssist: Novel Middleware Framework for Integrating XR into Robotic Manufacturing Processes,TELEOP_MIDDLEWARE,JMMP 2026; DOI 10.3390/jmmp10020046,SEARCH_EXCERPT,https://doi.org/10.3390/jmmp10020046,Publisher search excerpt; direct access 429,공통 data model·spatial synchronization·mode awareness 비교 후보,"T5,T8,T9",2026-10-02,NOT_EXTRACTED
L35,SoK: Motion Data Privacy in Extended Reality,SOK_LEAD,arXiv 2609.00711 / 2026,UNVERIFIED_LEAD,https://arxiv.org/abs/2609.00711,Seed inventory; primary HTML retrieval blocked,새 motion privacy SoK의 원문 대조 대기; novelty 판정 근거로 미사용,T12,2026-10-02,NOT_EXTRACTED
L36,Privaros: A Framework for Privacy-Compliant Delivery Drones,DEFENSE_SYSTEM,CCS 2020 / author HTML,SECTION_READ,https://www.csa.iisc.ac.in/~vg/papers/ccs2020/ccs2020_html/,§2 TCB; §3.3 process-level enforcement; §3.4; §5,ROS+OS 흐름 통제·trusted declassifier·attestation의 강한 선행,"T12,T15",2026-10-02,EXTRACTED
I01,Pinned taxonomy and matrix v0,INTERNAL_REPORT,eff464c / 2026-10-02,PINNED_DOC_READ,https://github.com/MPEffinc/ros-xr-semantic-validation/blob/eff464c9b1011a7646ec80e18f4e771028b89cc5/semantic_evidence_framework/docs/03_TAXONOMY_AND_MATRIX.md,§1–4,기존 T1–T11 / M1–M15의 기준선; 실행 여부 별도,"T1,T2,T3,T4,T5,T6,T7,T8,T9,T10,T11",2026-10-02,EXTRACTED
I02,Pinned project status and corrected claims,INTERNAL_REPORT,eff464c / 2026-10-02,PINNED_DOC_READ,https://github.com/MPEffinc/ros-xr-semantic-validation/blob/eff464c9b1011a7646ec80e18f4e771028b89cc5/semantic_evidence_framework/STATUS.md,Completed scope; limits,P1/P1b/R0/P2/F1/F2/F3 범위; raw 재실행 아님,"T1,T2,T3,T4,T5,T6,T11,T15",2026-10-02,EXTRACTED
I03,F2 matched comparison results,INTERNAL_EXPERIMENT,eff464c / 27 runs,PINNED_DOC_READ,https://github.com/MPEffinc/ros-xr-semantic-validation/blob/eff464c9b1011a7646ec80e18f4e771028b89cc5/semantic_evidence_framework/results/F2_RESULTS.md,§1–5,동일 신선도 비교; 5 ms 1/18 누락·30 ms 증거 지연 누출 보존,"T2,T3,T4,T11",2026-10-02,EXTRACTED
I04,F3 one-real-app end-to-end results,INTERNAL_EXPERIMENT,eff464c / 6 trials,PINNED_DOC_READ,https://github.com/MPEffinc/ros-xr-semantic-validation/blob/eff464c9b1011a7646ec80e18f4e771028b89cc5/semantic_evidence_framework/results/F3_REAL_APP_RESULTS.md,Results; Interpretation; Second app,추가 차단 0; 재개 target 35 mm; 물리 효과 교란,"T2,T3,T5",2026-10-02,EXTRACTED
I05,S2 security path design,INTERNAL_DESIGN,eff464c / design only,PINNED_DOC_READ,https://github.com/MPEffinc/ros-xr-semantic-validation/blob/eff464c9b1011a7646ec80e18f4e771028b89cc5/semantic_evidence_framework/docs/07_S2_SECURITY_PATH_DESIGN.md,R1–R5,runtime authority·binding·time·privilege·bypass 동시 요건; 미구현,"T11,T15",2026-10-02,EXTRACTED
I06,F2 timestamp semantics review,INTERNAL_CODE_AUDIT,eff464c / 7 apps,PINNED_DOC_READ,https://github.com/MPEffinc/ros-xr-semantic-validation/blob/eff464c9b1011a7646ec80e18f4e771028b89cc5/semantic_evidence_framework/results/F2_TIMESTAMP_REVIEW.md,App table; consequences,S/G/P/R 구분; 감사한 경로에서 무수정 sample provenance 전제 미성립,"T4,T15",2026-10-02,EXTRACTED
L37,ros2_controllers joint_trajectory_controller source,CODE,tag 4.42.1 @ aacd8426 (Jazzy package 4.42.1 in openvr-jazzy-sim),CODE_READ,https://github.com/ros-controls/ros2_controllers/tree/4.42.1/joint_trajectory_controller,"parameters.yaml L134-141 cmd_timeout; joint_trajectory_controller.cpp L349-368 timeout->hold, L1695-1698 empty trajectory rejected, L1840-1849 set_hold_position=state_current_",cmd_timeout acts only after the last trajectory point; explicit hold uses measured state; empty trajectories are rejected,"T3,T11",2026-10-03,EXTRACTED
L38,navigation2 issue #6320: Explicit detection of stale transformations,ISSUE,opened 2026-08-06; open at 2026-10-03,SECTION_READ,https://github.com/ros-navigation/navigation2/issues/6320,issue body,Nav2 lacks a mechanism to detect and react to stale transforms (maintainer-discussed feature request),"T4,T5",2026-10-03,EXTRACTED
L39,Towards Secure User Interaction in WebXR,PAPER,HumanSys 2025 workshop; DOI 10.1145/3722570.3726880 (Crossref metadata only),METADATA_ONLY,https://doi.org/10.1145/3722570.3726880,Crossref record; publisher page 403,follow-up by the Shadowed Realities authors; content not read,T14,2026-10-03,NOT_EXTRACTED
L40,MoveIt Servo source (servo_node / servo),CODE,moveit2 tag 2.12.4 @ 1ade0e9d,CODE_READ,https://github.com/moveit/moveit2/tree/2.12.4/moveit_ros/moveit_servo,"servo_node.cpp L147-180 pause, L289-318 stale pose -> smoothHalt, L360-430 loop; servo.cpp L551-570 Time(0) tf","Servo halts only after incoming_command_timeout; pause stops Servo output, not the downstream controller","T3,T4,T11",2026-10-03,EXTRACTED
L41,Teleoperation clutching / alignment-difference safety (prior art lead),PATENT_AND_TEXTBOOK_LEAD,USPTO 10159536 et al.; surgical robotics texts (search excerpts),SEARCH_EXCERPT,https://image-ppubs.uspto.gov/dirsearch-public/print/downloadPdf/10159536,search excerpt only,clutch/indexing re-anchoring and alignment-gated resumption are established teleoperation practice,"T3,T5",2026-10-03,NOT_EXTRACTED
