id,title,origin,scope,source_ids,example_cases
T1,Tracking validity,기존,valid/tracked·추정·가림,"L02,L29,I01","M1,M27"
T2,Session / lifecycle / action activity,기존,focus·메뉴·pause·disconnect,"L01,I01","M2,M4,M40"
T3,Permission linkage and stop/resume,기존,deadman·clutch·새 누름·재개,"L01,L15,L31,I01","M3,M4,M5,M39"
T4,Time / order / causality,기존,샘플·생성·발행·수신 시각; 재전송,"L19,L22,I06","M7,M12,M36"
T5,Space / anchor / calibration,기존,recenter·anchor·drift·tf,"L03,L24,L30,I01","M5,M6,M29,M38"
T6,Input–device–arm–command binding,기존,양손·장치 전환·대체 입력·메시지 재사용,"L10,L29,I01","M8,M9,M28"
T7,Ownership / control authority,기존,handoff·lease·goal cancel,"L04,L05,I01","M14,M21"
T8,Control mode and arbitration,기존,relative/absolute·override·scripted goal,"L18,L30,L31,I01","M10,M11,M37"
T9,Feedback / displayed state,기존,로봇 관측·화면·선택 목표·haptic,"L06,L24,L27,L28","M22,M25,M26"
T10,Required multi-input relations,기존,양손·head+hand·rate+pose 시간과 의미,"L18,L20,L32,I01","M10,M39"
T11,Enforcement health / fail behavior,기존,watchdog·gate crash·증거 누락,"L19,L21,L22,I01","M13,M20,M40"
T12,Confidentiality / inference / minimization,추가,camera·mesh·motion·traffic metadata,"L07,L12,L13,L14,L17","M30,M31,M32"
T13,Transport / runtime availability,추가,flood·resource starvation·IPC crash·중단 악용,"L04,L15,L17,L33","M20,M35,M36"
T14,XR perception / UI / approval integrity,추가,overlay·잘못된 선택·공간 기만,"L06,L09,L10,L11","M23,M24,M26"
T15,Evidence origin / TCB / mediation integrity,추가,정상 키 앱·런타임 제어·우회·신뢰 경계,"L04,L05,L16,L18,I05","M17,M18,M19,M33,M34"
