order,trial_id,case,defense,rep
1,C1_RELEASE__PAUSE__r1,C1_RELEASE,PAUSE,1
2,C4S_RECENTER__EPOCH_A__r1,C4S_RECENTER,EPOCH_A,1
3,C2_DEACT_CACHED__B0__r1,C2_DEACT_CACHED,B0,1
4,C4L_RECENTER__EPOCH_G__r1,C4L_RECENTER,EPOCH_G,1
5,C0_NORMAL__B0__r1,C0_NORMAL,B0,1
6,C2_DEACT_CACHED__REARM_V__r1,C2_DEACT_CACHED,REARM_V,1
7,C4S_RECENTER__B0__r1,C4S_RECENTER,B0,1
8,C1_RELEASE__D_TO__r1,C1_RELEASE,D_TO,1
9,C1_RELEASE__B0__r1,C1_RELEASE,B0,1
10,C2_DEACT_CACHED__REARM_C__r1,C2_DEACT_CACHED,REARM_C,1
11,C4S_RECENTER__EPOCH_G__r1,C4S_RECENTER,EPOCH_G,1
12,C4S_RECENTER__JUMP__r1,C4S_RECENTER,JUMP,1
13,C3_TRACK_GLITCH__REARM_C__r1,C3_TRACK_GLITCH,REARM_C,1
14,C3_TRACK_GLITCH__REARM_V__r1,C3_TRACK_GLITCH,REARM_V,1
15,C4L_RECENTER__EPOCH_A__r1,C4L_RECENTER,EPOCH_A,1
16,C4L_RECENTER__JUMP__r1,C4L_RECENTER,JUMP,1
17,C4L_RECENTER__B0__r1,C4L_RECENTER,B0,1
18,C3_TRACK_GLITCH__B0__r1,C3_TRACK_GLITCH,B0,1
19,C4S_RECENTER__EPOCH_G__r2,C4S_RECENTER,EPOCH_G,2
20,C3_TRACK_GLITCH__REARM_V__r2,C3_TRACK_GLITCH,REARM_V,2
21,C1_RELEASE__D_TO__r2,C1_RELEASE,D_TO,2
22,C3_TRACK_GLITCH__B0__r2,C3_TRACK_GLITCH,B0,2
23,C4L_RECENTER__B0__r2,C4L_RECENTER,B0,2
24,C1_RELEASE__B0__r2,C1_RELEASE,B0,2
25,C0_NORMAL__B0__r2,C0_NORMAL,B0,2
26,C4S_RECENTER__EPOCH_A__r2,C4S_RECENTER,EPOCH_A,2
27,C4L_RECENTER__EPOCH_A__r2,C4L_RECENTER,EPOCH_A,2
28,C4S_RECENTER__JUMP__r2,C4S_RECENTER,JUMP,2
29,C4L_RECENTER__JUMP__r2,C4L_RECENTER,JUMP,2
30,C2_DEACT_CACHED__B0__r2,C2_DEACT_CACHED,B0,2
31,C3_TRACK_GLITCH__REARM_C__r2,C3_TRACK_GLITCH,REARM_C,2
32,C1_RELEASE__PAUSE__r2,C1_RELEASE,PAUSE,2
33,C2_DEACT_CACHED__REARM_V__r2,C2_DEACT_CACHED,REARM_V,2
34,C2_DEACT_CACHED__REARM_C__r2,C2_DEACT_CACHED,REARM_C,2
35,C4L_RECENTER__EPOCH_G__r2,C4L_RECENTER,EPOCH_G,2
36,C4S_RECENTER__B0__r2,C4S_RECENTER,B0,2
37,C1_RELEASE__D_TO__r3,C1_RELEASE,D_TO,3
38,C1_RELEASE__B0__r3,C1_RELEASE,B0,3
39,C4S_RECENTER__EPOCH_G__r3,C4S_RECENTER,EPOCH_G,3
40,C2_DEACT_CACHED__B0__r3,C2_DEACT_CACHED,B0,3
41,C1_RELEASE__PAUSE__r3,C1_RELEASE,PAUSE,3
42,C4L_RECENTER__EPOCH_G__r3,C4L_RECENTER,EPOCH_G,3
43,C4L_RECENTER__B0__r3,C4L_RECENTER,B0,3
44,C3_TRACK_GLITCH__REARM_C__r3,C3_TRACK_GLITCH,REARM_C,3
45,C4L_RECENTER__EPOCH_A__r3,C4L_RECENTER,EPOCH_A,3
46,C3_TRACK_GLITCH__B0__r3,C3_TRACK_GLITCH,B0,3
47,C0_NORMAL__B0__r3,C0_NORMAL,B0,3
48,C4L_RECENTER__JUMP__r3,C4L_RECENTER,JUMP,3
49,C3_TRACK_GLITCH__REARM_V__r3,C3_TRACK_GLITCH,REARM_V,3
50,C2_DEACT_CACHED__REARM_C__r3,C2_DEACT_CACHED,REARM_C,3
51,C4S_RECENTER__EPOCH_A__r3,C4S_RECENTER,EPOCH_A,3
52,C2_DEACT_CACHED__REARM_V__r3,C2_DEACT_CACHED,REARM_V,3
53,C4S_RECENTER__B0__r3,C4S_RECENTER,B0,3
54,C4S_RECENTER__JUMP__r3,C4S_RECENTER,JUMP,3
