cond,n,valid,reset_res_max,halt,interrupted,final_x_err_med
N0,5,5,0.00199966412037611,0,0,0.00023283420443065417
A,5,5,0.001994124846532941,0,0,0.00014232161294153167
C,5,5,0.001997060775756898,0,5,0.0909769095292845
D,5,5,0.0019989681243897106,0,3,0.2941897357946728
E,5,5,0.0019996471237391233,0,4,0.06714620218594111
F,5,5,0.001998238731175661,0,3,0.06257051658636967
AC,5,5,0.001993049867451191,0,5,0.0909711149372166
AD,5,5,0.0019974620081484318,0,3,0.2963908031576019
CDF,5,5,0.001997671090066433,0,1,0.041855604513552164
ACDF,5,5,0.001999359577894211,0,1,0.030654332159400666
