seq,trial_id,arm,cond,rep
1,T01_B0_I1_r1,B0,I1,1
2,T02_B1_I1_r1,B1,I1,1
3,T03_C1_I1_r1,C1,I1,1
4,T04_C1_N1_r1,C1,N1,1
5,T05_B0_N1_r1,B0,N1,1
6,T06_B1_N1_r1,B1,N1,1
7,T07_C1_I3_r1,C1,I3,1
8,T08_B0_I3_r1,B0,I3,1
9,T09_B1_I3_r1,B1,I3,1
10,T10_B1_N0_r1,B1,N0,1
11,T11_C1_N0_r1,C1,N0,1
12,T12_B0_N0_r1,B0,N0,1
13,T13_B1_I2_r1,B1,I2,1
14,T14_C1_I2_r1,C1,I2,1
15,T15_B0_I2_r1,B0,I2,1
16,T16_B0_N1_r2,B0,N1,2
17,T17_B1_N1_r2,B1,N1,2
18,T18_C1_N1_r2,C1,N1,2
19,T19_B0_I3_r2,B0,I3,2
20,T20_B1_I3_r2,B1,I3,2
21,T21_C1_I3_r2,C1,I3,2
22,T22_C1_N0_r2,C1,N0,2
23,T23_B0_N0_r2,B0,N0,2
24,T24_B1_N0_r2,B1,N0,2
25,T25_B1_I1_r2,B1,I1,2
26,T26_C1_I1_r2,C1,I1,2
27,T27_B0_I1_r2,B0,I1,2
28,T28_C1_I2_r2,C1,I2,2
29,T29_B0_I2_r2,B0,I2,2
30,T30_B1_I2_r2,B1,I2,2
31,T31_B0_I2_r3,B0,I2,3
32,T32_B1_I2_r3,B1,I2,3
33,T33_C1_I2_r3,C1,I2,3
34,T34_B1_N1_r3,B1,N1,3
35,T35_C1_N1_r3,C1,N1,3
36,T36_B0_N1_r3,B0,N1,3
37,T37_C1_I1_r3,C1,I1,3
38,T38_B0_I1_r3,B0,I1,3
39,T39_B1_I1_r3,B1,I1,3
40,T40_B1_I3_r3,B1,I3,3
41,T41_C1_I3_r3,C1,I3,3
42,T42_B0_I3_r3,B0,I3,3
43,T43_B0_N0_r3,B0,N0,3
44,T44_B1_N0_r3,B1,N0,3
45,T45_C1_N0_r3,C1,N0,3
